المذهب / التصنيف,اسم الكتاب,اسم المؤلف,سنة وفاة المؤلف,اسم الملف
الفقه الحنفي,أجوبة محققة عن أسئلة مفرقة - ط إسطنبول,ابن عابدين,1252,أجوبة_محققة_عن_أسئلة_مفرقة_-_ط_إسطنبول.md
الفقه الحنفي,إتحاف الذكي النبيه بجواب ما يقول الفقيه - ط إسطنبول,ابن عابدين,1252,إتحاف_الذكي_النبيه_بجواب_ما_يقول_الفقيه_-_ط_إسطنبول.md
الفقه الحنفي,اختلاف أبي حنيفة وابن أبي ليلى,أبو يوسف القاضي,182,اختلاف_أبي_حنيفة_وابن_أبي_ليلى.md
الفقه الحنفي,الأصل لمحمد بن الحسن - ت الأفغاني - المجلد 1 (الجزء 1 من 2),محمد بن الحسن الشيباني,189,الأصل_لمحمد_بن_الحسن_-_ت_الأفغاني_Part_01.md
الفقه الحنفي,الأصل لمحمد بن الحسن - ت الأفغاني - المجلد 1 (الجزء 2 من 2),محمد بن الحسن الشيباني,189,الأصل_لمحمد_بن_الحسن_-_ت_الأفغاني_Part_02.md
الفقه الحنفي,الأصل لمحمد بن الحسن - ت بوينوكالن - المجلد 1 (الجزء 1 من 8),محمد بن الحسن الشيباني,189,الأصل_لمحمد_بن_الحسن_-_ت_بوينوكالن_Part_01.md
الفقه الحنفي,الأصل لمحمد بن الحسن - ت بوينوكالن - المجلد 1 (الجزء 2 من 8),محمد بن الحسن الشيباني,189,الأصل_لمحمد_بن_الحسن_-_ت_بوينوكالن_Part_02.md
الفقه الحنفي,الأصل لمحمد بن الحسن - ت بوينوكالن - المجلد 1 (الجزء 3 من 8),محمد بن الحسن الشيباني,189,الأصل_لمحمد_بن_الحسن_-_ت_بوينوكالن_Part_03.md
الفقه الحنفي,الأصل لمحمد بن الحسن - ت بوينوكالن - المجلد 1 (الجزء 4 من 8),محمد بن الحسن الشيباني,189,الأصل_لمحمد_بن_الحسن_-_ت_بوينوكالن_Part_04.md
الفقه الحنفي,الأصل لمحمد بن الحسن - ت بوينوكالن - المجلد 1 (الجزء 5 من 8),محمد بن الحسن الشيباني,189,الأصل_لمحمد_بن_الحسن_-_ت_بوينوكالن_Part_05.md
الفقه الحنفي,الأصل لمحمد بن الحسن - ت بوينوكالن - المجلد 1 (الجزء 6 من 8),محمد بن الحسن الشيباني,189,الأصل_لمحمد_بن_الحسن_-_ت_بوينوكالن_Part_06.md
الفقه الحنفي,الأصل لمحمد بن الحسن - ت بوينوكالن - المجلد 1 (الجزء 7 من 8),محمد بن الحسن الشيباني,189,الأصل_لمحمد_بن_الحسن_-_ت_بوينوكالن_Part_07.md
الفقه الحنفي,الأصل لمحمد بن الحسن - ت بوينوكالن - المجلد 1 (الجزء 8 من 8),محمد بن الحسن الشيباني,189,الأصل_لمحمد_بن_الحسن_-_ت_بوينوكالن_Part_08.md
الفقه الحنفي,الأصل لمحمد بن الحسن - ت شحاته,محمد بن الحسن الشيباني,189,الأصل_لمحمد_بن_الحسن_-_ت_شحاته.md
الفقه الحنفي,الإبانة عن أخذ الأجرة على الحضانة - ط إسطنبول,ابن عابدين,1252,الإبانة_عن_أخذ_الأجرة_على_الحضانة_-_ط_إسطنبول.md
الفقه الحنفي,الاختيار لتعليل المختار - المجلد 1 (الجزء 1 من 2),ابن مودود الموصلي,غير مذكور,الاختيار_لتعليل_المختار_Part_01.md
الفقه الحنفي,الاختيار لتعليل المختار - المجلد 1 (الجزء 2 من 2),ابن مودود الموصلي,غير مذكور,الاختيار_لتعليل_المختار_Part_02.md
الفقه الحنفي,البحر الرائق شرح كنز الدقائق ومنحة الخالق وتكملة الطوري - المجلد 1 (الجزء 1 من 12),زين الدين ابن نجيم,غير مذكور,البحر_الرائق_شرح_كنز_الدقائق_ومنحة_الخالق_وتكملة_الطوري_Part_01.md
الفقه الحنفي,البحر الرائق شرح كنز الدقائق ومنحة الخالق وتكملة الطوري - المجلد 1 (الجزء 2 من 12),زين الدين ابن نجيم,غير مذكور,البحر_الرائق_شرح_كنز_الدقائق_ومنحة_الخالق_وتكملة_الطوري_Part_02.md
الفقه الحنفي,البحر الرائق شرح كنز الدقائق ومنحة الخالق وتكملة الطوري - المجلد 1 (الجزء 3 من 12),زين الدين ابن نجيم,غير مذكور,البحر_الرائق_شرح_كنز_الدقائق_ومنحة_الخالق_وتكملة_الطوري_Part_03.md
الفقه الحنفي,البحر الرائق شرح كنز الدقائق ومنحة الخالق وتكملة الطوري - المجلد 1 (الجزء 4 من 12),زين الدين ابن نجيم,غير مذكور,البحر_الرائق_شرح_كنز_الدقائق_ومنحة_الخالق_وتكملة_الطوري_Part_04.md
الفقه الحنفي,البحر الرائق شرح كنز الدقائق ومنحة الخالق وتكملة الطوري - المجلد 1 (الجزء 5 من 12),زين الدين ابن نجيم,غير مذكور,البحر_الرائق_شرح_كنز_الدقائق_ومنحة_الخالق_وتكملة_الطوري_Part_05.md
الفقه الحنفي,البحر الرائق شرح كنز الدقائق ومنحة الخالق وتكملة الطوري - المجلد 1 (الجزء 6 من 12),زين الدين ابن نجيم,غير مذكور,البحر_الرائق_شرح_كنز_الدقائق_ومنحة_الخالق_وتكملة_الطوري_Part_06.md
الفقه الحنفي,البحر الرائق شرح كنز الدقائق ومنحة الخالق وتكملة الطوري - المجلد 1 (الجزء 7 من 12),زين الدين ابن نجيم,غير مذكور,البحر_الرائق_شرح_كنز_الدقائق_ومنحة_الخالق_وتكملة_الطوري_Part_07.md
الفقه الحنفي,البحر الرائق شرح كنز الدقائق ومنحة الخالق وتكملة الطوري - المجلد 1 (الجزء 8 من 12),زين الدين ابن نجيم,غير مذكور,البحر_الرائق_شرح_كنز_الدقائق_ومنحة_الخالق_وتكملة_الطوري_Part_08.md
الفقه الحنفي,البحر الرائق شرح كنز الدقائق ومنحة الخالق وتكملة الطوري - المجلد 1 (الجزء 9 من 12),زين الدين ابن نجيم,غير مذكور,البحر_الرائق_شرح_كنز_الدقائق_ومنحة_الخالق_وتكملة_الطوري_Part_09.md
الفقه الحنفي,البحر الرائق شرح كنز الدقائق ومنحة الخالق وتكملة الطوري - المجلد 1 (الجزء 10 من 12),زين الدين ابن نجيم,غير مذكور,البحر_الرائق_شرح_كنز_الدقائق_ومنحة_الخالق_وتكملة_الطوري_Part_10.md
الفقه الحنفي,البحر الرائق شرح كنز الدقائق ومنحة الخالق وتكملة الطوري - المجلد 1 (الجزء 11 من 12),زين الدين ابن نجيم,غير مذكور,البحر_الرائق_شرح_كنز_الدقائق_ومنحة_الخالق_وتكملة_الطوري_Part_11.md
الفقه الحنفي,البحر الرائق شرح كنز الدقائق ومنحة الخالق وتكملة الطوري - المجلد 1 (الجزء 12 من 12),زين الدين ابن نجيم,غير مذكور,البحر_الرائق_شرح_كنز_الدقائق_ومنحة_الخالق_وتكملة_الطوري_Part_12.md
الفقه الحنفي,البناية شرح الهداية - المجلد 1 (الجزء 1 من 15),بدر الدين العيني,855,البناية_شرح_الهداية_Part_01.md
الفقه الحنفي,البناية شرح الهداية - المجلد 1 (الجزء 2 من 15),بدر الدين العيني,855,البناية_شرح_الهداية_Part_02.md
الفقه الحنفي,البناية شرح الهداية - المجلد 1 (الجزء 3 من 15),بدر الدين العيني,855,البناية_شرح_الهداية_Part_03.md
الفقه الحنفي,البناية شرح الهداية - المجلد 1 (الجزء 4 من 15),بدر الدين العيني,855,البناية_شرح_الهداية_Part_04.md
الفقه الحنفي,البناية شرح الهداية - المجلد 1 (الجزء 5 من 15),بدر الدين العيني,855,البناية_شرح_الهداية_Part_05.md
الفقه الحنفي,البناية شرح الهداية - المجلد 1 (الجزء 6 من 15),بدر الدين العيني,855,البناية_شرح_الهداية_Part_06.md
الفقه الحنفي,البناية شرح الهداية - المجلد 1 (الجزء 7 من 15),بدر الدين العيني,855,البناية_شرح_الهداية_Part_07.md
الفقه الحنفي,البناية شرح الهداية - المجلد 1 (الجزء 8 من 15),بدر الدين العيني,855,البناية_شرح_الهداية_Part_08.md
الفقه الحنفي,البناية شرح الهداية - المجلد 1 (الجزء 9 من 15),بدر الدين العيني,855,البناية_شرح_الهداية_Part_09.md
الفقه الحنفي,البناية شرح الهداية - المجلد 1 (الجزء 10 من 15),بدر الدين العيني,855,البناية_شرح_الهداية_Part_10.md
الفقه الحنفي,البناية شرح الهداية - المجلد 1 (الجزء 11 من 15),بدر الدين العيني,855,البناية_شرح_الهداية_Part_11.md
الفقه الحنفي,البناية شرح الهداية - المجلد 1 (الجزء 12 من 15),بدر الدين العيني,855,البناية_شرح_الهداية_Part_12.md
الفقه الحنفي,البناية شرح الهداية - المجلد 1 (الجزء 13 من 15),بدر الدين العيني,855,البناية_شرح_الهداية_Part_13.md
الفقه الحنفي,البناية شرح الهداية - المجلد 1 (الجزء 14 من 15),بدر الدين العيني,855,البناية_شرح_الهداية_Part_14.md
الفقه الحنفي,البناية شرح الهداية - المجلد 1 (الجزء 15 من 15),بدر الدين العيني,855,البناية_شرح_الهداية_Part_15.md
الفقه الحنفي,التجريد للقدوري - المجلد 1 (الجزء 1 من 6),القدوري,428,التجريد_للقدوري_Part_01.md
الفقه الحنفي,التجريد للقدوري - المجلد 1 (الجزء 2 من 6),القدوري,428,التجريد_للقدوري_Part_02.md
الفقه الحنفي,التجريد للقدوري - المجلد 1 (الجزء 3 من 6),القدوري,428,التجريد_للقدوري_Part_03.md
الفقه الحنفي,التجريد للقدوري - المجلد 1 (الجزء 4 من 6),القدوري,428,التجريد_للقدوري_Part_04.md
الفقه الحنفي,التجريد للقدوري - المجلد 1 (الجزء 5 من 6),القدوري,428,التجريد_للقدوري_Part_05.md
الفقه الحنفي,التجريد للقدوري - المجلد 1 (الجزء 6 من 6),القدوري,428,التجريد_للقدوري_Part_06.md
الفقه الحنفي,التصحيح والترجيح على مختصر القدوري,ابن قطلوبغا,879,التصحيح_والترجيح_على_مختصر_القدوري.md
الفقه الحنفي,التنبيه على مشكلات الهداية - المجلد 1 (الجزء 1 من 2),ابن أبي العز,غير مذكور,التنبيه_على_مشكلات_الهداية_Part_01.md
الفقه الحنفي,التنبيه على مشكلات الهداية - المجلد 1 (الجزء 2 من 2),ابن أبي العز,غير مذكور,التنبيه_على_مشكلات_الهداية_Part_02.md
الفقه الحنفي,الجامع الصغير - ومعه النافع الكبير,محمد بن الحسن الشيباني,189,الجامع_الصغير_-_ومعه_النافع_الكبير.md
الفقه الحنفي,الجامع الكبير لمحمد بن الحسن,محمد بن الحسن الشيباني,189,الجامع_الكبير_لمحمد_بن_الحسن.md
الفقه الحنفي,الجواهر من فقه الحنفية,سعد غدبوش,بعد 771,الجواهر_من_فقه_الحنفية.md
الفقه الحنفي,الجوهرة النيرة على مختصر القدوري - المجلد 1 (الجزء 1 من 3),أبو بكر الحداد,غير مذكور,الجوهرة_النيرة_على_مختصر_القدوري_Part_01.md
الفقه الحنفي,الجوهرة النيرة على مختصر القدوري - المجلد 1 (الجزء 2 من 3),أبو بكر الحداد,غير مذكور,الجوهرة_النيرة_على_مختصر_القدوري_Part_02.md
الفقه الحنفي,الجوهرة النيرة على مختصر القدوري - المجلد 1 (الجزء 3 من 3),أبو بكر الحداد,غير مذكور,الجوهرة_النيرة_على_مختصر_القدوري_Part_03.md
الفقه الحنفي,الحجة على أهل المدينة,محمد بن الحسن الشيباني,189,الحجة_على_أهل_المدينة.md
الفقه الحنفي,الخراج لأبي يوسف,أبو يوسف القاضي,182,الخراج_لأبي_يوسف.md
الفقه الحنفي,الدر المختار شرح تنوير الأبصار وجامع البحار - المجلد 1 (الجزء 1 من 2),علاء الدين الحصكفي,غير مذكور,الدر_المختار_شرح_تنوير_الأبصار_وجامع_البحار_Part_01.md
الفقه الحنفي,الدر المختار شرح تنوير الأبصار وجامع البحار - المجلد 1 (الجزء 2 من 2),علاء الدين الحصكفي,غير مذكور,الدر_المختار_شرح_تنوير_الأبصار_وجامع_البحار_Part_02.md
الفقه الحنفي,الرد على سير الأوزاعي,أبو يوسف القاضي,182,الرد_على_سير_الأوزاعي.md
الفقه الحنفي,السير الصغير - من الأصل لمحمد بن الحسن - ت خدوري,محمد بن الحسن الشيباني,189,السير_الصغير_-_من_الأصل_لمحمد_بن_الحسن_-_ت_خدوري.md
الفقه الحنفي,العقود الدرية في تنقيح الفتاوى الحامدية - المجلد 1 (الجزء 1 من 3),ابن عابدين,1252,العقود_الدرية_في_تنقيح_الفتاوى_الحامدية_Part_01.md
الفقه الحنفي,العقود الدرية في تنقيح الفتاوى الحامدية - المجلد 1 (الجزء 2 من 3),ابن عابدين,1252,العقود_الدرية_في_تنقيح_الفتاوى_الحامدية_Part_02.md
الفقه الحنفي,العقود الدرية في تنقيح الفتاوى الحامدية - المجلد 1 (الجزء 3 من 3),ابن عابدين,1252,العقود_الدرية_في_تنقيح_الفتاوى_الحامدية_Part_03.md
الفقه الحنفي,العناية شرح الهداية - بهامش فتح القدير ط الحلبي - المجلد 1 (الجزء 1 من 7),البابرتي,غير مذكور,العناية_شرح_الهداية_-_بهامش_فتح_القدير_ط_الحلبي_Part_01.md
الفقه الحنفي,العناية شرح الهداية - بهامش فتح القدير ط الحلبي - المجلد 1 (الجزء 2 من 7),البابرتي,غير مذكور,العناية_شرح_الهداية_-_بهامش_فتح_القدير_ط_الحلبي_Part_02.md
الفقه الحنفي,العناية شرح الهداية - بهامش فتح القدير ط الحلبي - المجلد 1 (الجزء 3 من 7),البابرتي,غير مذكور,العناية_شرح_الهداية_-_بهامش_فتح_القدير_ط_الحلبي_Part_03.md
الفقه الحنفي,العناية شرح الهداية - بهامش فتح القدير ط الحلبي - المجلد 1 (الجزء 4 من 7),البابرتي,غير مذكور,العناية_شرح_الهداية_-_بهامش_فتح_القدير_ط_الحلبي_Part_04.md
الفقه الحنفي,العناية شرح الهداية - بهامش فتح القدير ط الحلبي - المجلد 1 (الجزء 5 من 7),البابرتي,غير مذكور,العناية_شرح_الهداية_-_بهامش_فتح_القدير_ط_الحلبي_Part_05.md
الفقه الحنفي,العناية شرح الهداية - بهامش فتح القدير ط الحلبي - المجلد 1 (الجزء 6 من 7),البابرتي,غير مذكور,العناية_شرح_الهداية_-_بهامش_فتح_القدير_ط_الحلبي_Part_06.md
الفقه الحنفي,العناية شرح الهداية - بهامش فتح القدير ط الحلبي - المجلد 1 (الجزء 7 من 7),البابرتي,غير مذكور,العناية_شرح_الهداية_-_بهامش_فتح_القدير_ط_الحلبي_Part_07.md
الفقه الحنفي,الغرة المنيفة في تحقيق بعض مسائل الإمام أبي حنيفة,الغزنوي، سراج الدين,773,الغرة_المنيفة_في_تحقيق_بعض_مسائل_الإمام_أبي_حنيفة.md
الفقه الحنفي,الفتاوى العالمكيرية = الفتاوى الهندية - المجلد 1 (الجزء 1 من 10),محمد أورنك عالم كير,غير مذكور,الفتاوى_العالمكيرية_=_الفتاوى_الهندية_Part_01.md
الفقه الحنفي,الفتاوى العالمكيرية = الفتاوى الهندية - المجلد 1 (الجزء 2 من 10),محمد أورنك عالم كير,غير مذكور,الفتاوى_العالمكيرية_=_الفتاوى_الهندية_Part_02.md
الفقه الحنفي,الفتاوى العالمكيرية = الفتاوى الهندية - المجلد 1 (الجزء 3 من 10),محمد أورنك عالم كير,غير مذكور,الفتاوى_العالمكيرية_=_الفتاوى_الهندية_Part_03.md
الفقه الحنفي,الفتاوى العالمكيرية = الفتاوى الهندية - المجلد 1 (الجزء 4 من 10),محمد أورنك عالم كير,غير مذكور,الفتاوى_العالمكيرية_=_الفتاوى_الهندية_Part_04.md
الفقه الحنفي,الفتاوى العالمكيرية = الفتاوى الهندية - المجلد 1 (الجزء 5 من 10),محمد أورنك عالم كير,غير مذكور,الفتاوى_العالمكيرية_=_الفتاوى_الهندية_Part_05.md
الفقه الحنفي,الفتاوى العالمكيرية = الفتاوى الهندية - المجلد 1 (الجزء 6 من 10),محمد أورنك عالم كير,غير مذكور,الفتاوى_العالمكيرية_=_الفتاوى_الهندية_Part_06.md
الفقه الحنفي,الفتاوى العالمكيرية = الفتاوى الهندية - المجلد 1 (الجزء 7 من 10),محمد أورنك عالم كير,غير مذكور,الفتاوى_العالمكيرية_=_الفتاوى_الهندية_Part_07.md
الفقه الحنفي,الفتاوى العالمكيرية = الفتاوى الهندية - المجلد 1 (الجزء 8 من 10),محمد أورنك عالم كير,غير مذكور,الفتاوى_العالمكيرية_=_الفتاوى_الهندية_Part_08.md
الفقه الحنفي,الفتاوى العالمكيرية = الفتاوى الهندية - المجلد 1 (الجزء 9 من 10),محمد أورنك عالم كير,غير مذكور,الفتاوى_العالمكيرية_=_الفتاوى_الهندية_Part_09.md
الفقه الحنفي,الفتاوى العالمكيرية = الفتاوى الهندية - المجلد 1 (الجزء 10 من 10),محمد أورنك عالم كير,غير مذكور,الفتاوى_العالمكيرية_=_الفتاوى_الهندية_Part_10.md
الفقه الحنفي,الفوائد المخصصة بأحكام كي الحمصة - ط إسطنبول,ابن عابدين,1252,الفوائد_المخصصة_بأحكام_كي_الحمصة_-_ط_إسطنبول.md
الفقه الحنفي,الكسب - بشرح السرخسي - ت زكار,شمس الأئمة السرخسي,483,الكسب_-_بشرح_السرخسي_-_ت_زكار.md
الفقه الحنفي,اللباب في الجمع بين السنة والكتاب,الخزرجي المنبجي,686,اللباب_في_الجمع_بين_السنة_والكتاب.md
الفقه الحنفي,اللباب في شرح الكتاب - المجلد 1 (الجزء 1 من 2),عبد الغني الميداني,غير مذكور,اللباب_في_شرح_الكتاب_Part_01.md
الفقه الحنفي,اللباب في شرح الكتاب - المجلد 1 (الجزء 2 من 2),عبد الغني الميداني,غير مذكور,اللباب_في_شرح_الكتاب_Part_02.md
الفقه الحنفي,المبسوط للسرخسي - المجلد 1 (الجزء 1 من 13),شمس الأئمة السرخسي,483,المبسوط_للسرخسي_Part_01.md
الفقه الحنفي,المبسوط للسرخسي - المجلد 1 (الجزء 2 من 13),شمس الأئمة السرخسي,483,المبسوط_للسرخسي_Part_02.md
الفقه الحنفي,المبسوط للسرخسي - المجلد 1 (الجزء 3 من 13),شمس الأئمة السرخسي,483,المبسوط_للسرخسي_Part_03.md
الفقه الحنفي,المبسوط للسرخسي - المجلد 1 (الجزء 4 من 13),شمس الأئمة السرخسي,483,المبسوط_للسرخسي_Part_04.md
الفقه الحنفي,المبسوط للسرخسي - المجلد 1 (الجزء 5 من 13),شمس الأئمة السرخسي,483,المبسوط_للسرخسي_Part_05.md
الفقه الحنفي,المبسوط للسرخسي - المجلد 1 (الجزء 6 من 13),شمس الأئمة السرخسي,483,المبسوط_للسرخسي_Part_06.md
الفقه الحنفي,المبسوط للسرخسي - المجلد 1 (الجزء 7 من 13),شمس الأئمة السرخسي,483,المبسوط_للسرخسي_Part_07.md
الفقه الحنفي,المبسوط للسرخسي - المجلد 1 (الجزء 8 من 13),شمس الأئمة السرخسي,483,المبسوط_للسرخسي_Part_08.md
الفقه الحنفي,المبسوط للسرخسي - المجلد 1 (الجزء 9 من 13),شمس الأئمة السرخسي,483,المبسوط_للسرخسي_Part_09.md
الفقه الحنفي,المبسوط للسرخسي - المجلد 1 (الجزء 10 من 13),شمس الأئمة السرخسي,483,المبسوط_للسرخسي_Part_10.md
الفقه الحنفي,المبسوط للسرخسي - المجلد 1 (الجزء 11 من 13),شمس الأئمة السرخسي,483,المبسوط_للسرخسي_Part_11.md
الفقه الحنفي,المبسوط للسرخسي - المجلد 1 (الجزء 12 من 13),شمس الأئمة السرخسي,483,المبسوط_للسرخسي_Part_12.md
الفقه الحنفي,المبسوط للسرخسي - المجلد 1 (الجزء 13 من 13),شمس الأئمة السرخسي,483,المبسوط_للسرخسي_Part_13.md
الفقه الحنفي,المحيط البرهاني - المجلد 1 (الجزء 1 من 10),برهان الدين ابن مازه البخاري,غير مذكور,المحيط_البرهاني_Part_01.md
الفقه الحنفي,المحيط البرهاني - المجلد 1 (الجزء 2 من 10),برهان الدين ابن مازه البخاري,غير مذكور,المحيط_البرهاني_Part_02.md
الفقه الحنفي,المحيط البرهاني - المجلد 1 (الجزء 3 من 10),برهان الدين ابن مازه البخاري,غير مذكور,المحيط_البرهاني_Part_03.md
الفقه الحنفي,المحيط البرهاني - المجلد 1 (الجزء 4 من 10),برهان الدين ابن مازه البخاري,غير مذكور,المحيط_البرهاني_Part_04.md
الفقه الحنفي,المحيط البرهاني - المجلد 1 (الجزء 5 من 10),برهان الدين ابن مازه البخاري,غير مذكور,المحيط_البرهاني_Part_05.md
الفقه الحنفي,المحيط البرهاني - المجلد 1 (الجزء 6 من 10),برهان الدين ابن مازه البخاري,غير مذكور,المحيط_البرهاني_Part_06.md
الفقه الحنفي,المحيط البرهاني - المجلد 1 (الجزء 7 من 10),برهان الدين ابن مازه البخاري,غير مذكور,المحيط_البرهاني_Part_07.md
الفقه الحنفي,المحيط البرهاني - المجلد 1 (الجزء 8 من 10),برهان الدين ابن مازه البخاري,غير مذكور,المحيط_البرهاني_Part_08.md
الفقه الحنفي,المحيط البرهاني - المجلد 1 (الجزء 9 من 10),برهان الدين ابن مازه البخاري,غير مذكور,المحيط_البرهاني_Part_09.md
الفقه الحنفي,المحيط البرهاني - المجلد 1 (الجزء 10 من 10),برهان الدين ابن مازه البخاري,غير مذكور,المحيط_البرهاني_Part_10.md
الفقه الحنفي,المخارج في الحيل - من الأصل لمحمد بن الحسن - ط الثقافة الدينية,محمد بن الحسن الشيباني,189,المخارج_في_الحيل_-_من_الأصل_لمحمد_بن_الحسن_-_ط_الثقافة_الدينية.md
الفقه الحنفي,المسائل الفقهية التي عليها الفتوى عند متأخري الحنفية - جمعا ودراسة-,سناد تسرنكتش,غير مذكور,المسائل_الفقهية_التي_عليها_الفتوى_عند_متأخري_الحنفية_-_جمعا_ودراسة-.md
الفقه الحنفي,المسبوك على منحة السلوك في شرح تحفة الملوك,عبد المحسن القاسم,غير مذكور,المسبوك_على_منحة_السلوك_في_شرح_تحفة_الملوك.md
الفقه الحنفي,المعتصر من المختصر من مشكل الآثار - المجلد 1 (الجزء 1 من 2),جمال الدين الملطي,غير مذكور,المعتصر_من_المختصر_من_مشكل_الآثار_Part_01.md
الفقه الحنفي,المعتصر من المختصر من مشكل الآثار - المجلد 1 (الجزء 2 من 2),جمال الدين الملطي,غير مذكور,المعتصر_من_المختصر_من_مشكل_الآثار_Part_02.md
الفقه الحنفي,النتف في الفتاوى للسغدي,السغدي,461,النتف_في_الفتاوى_للسغدي.md
الفقه الحنفي,النكت شرح زيادات الزيادات للسرخسي - وشرح العتابي,شمس الأئمة السرخسي,483,النكت_شرح_زيادات_الزيادات_للسرخسي_-_وشرح_العتابي.md
الفقه الحنفي,النهاية في شرح الهداية - السغناقي - المجلد 1 (الجزء 1 من 7),الحسام السغناقي,غير مذكور,النهاية_في_شرح_الهداية_-_السغناقي_Part_01.md
الفقه الحنفي,النهاية في شرح الهداية - السغناقي - المجلد 1 (الجزء 2 من 7),الحسام السغناقي,غير مذكور,النهاية_في_شرح_الهداية_-_السغناقي_Part_02.md
الفقه الحنفي,النهاية في شرح الهداية - السغناقي - المجلد 1 (الجزء 3 من 7),الحسام السغناقي,غير مذكور,النهاية_في_شرح_الهداية_-_السغناقي_Part_03.md
الفقه الحنفي,النهاية في شرح الهداية - السغناقي - المجلد 1 (الجزء 4 من 7),الحسام السغناقي,غير مذكور,النهاية_في_شرح_الهداية_-_السغناقي_Part_04.md
الفقه الحنفي,النهاية في شرح الهداية - السغناقي - المجلد 1 (الجزء 5 من 7),الحسام السغناقي,غير مذكور,النهاية_في_شرح_الهداية_-_السغناقي_Part_05.md
الفقه الحنفي,النهاية في شرح الهداية - السغناقي - المجلد 1 (الجزء 6 من 7),الحسام السغناقي,غير مذكور,النهاية_في_شرح_الهداية_-_السغناقي_Part_06.md
الفقه الحنفي,النهاية في شرح الهداية - السغناقي - المجلد 1 (الجزء 7 من 7),الحسام السغناقي,غير مذكور,النهاية_في_شرح_الهداية_-_السغناقي_Part_07.md
الفقه الحنفي,النهر الفائق شرح كنز الدقائق - المجلد 1 (الجزء 1 من 4),سراج الدين ابن نجيم,غير مذكور,النهر_الفائق_شرح_كنز_الدقائق_Part_01.md
الفقه الحنفي,النهر الفائق شرح كنز الدقائق - المجلد 1 (الجزء 2 من 4),سراج الدين ابن نجيم,غير مذكور,النهر_الفائق_شرح_كنز_الدقائق_Part_02.md
الفقه الحنفي,النهر الفائق شرح كنز الدقائق - المجلد 1 (الجزء 3 من 4),سراج الدين ابن نجيم,غير مذكور,النهر_الفائق_شرح_كنز_الدقائق_Part_03.md
الفقه الحنفي,النهر الفائق شرح كنز الدقائق - المجلد 1 (الجزء 4 من 4),سراج الدين ابن نجيم,غير مذكور,النهر_الفائق_شرح_كنز_الدقائق_Part_04.md
الفقه الحنفي,النوادر - معلى بن منصور,معلى بن منصور,211,النوادر_-_معلى_بن_منصور.md
الفقه الحنفي,الهداية في شرح بداية المبتدي - المجلد 1 (الجزء 1 من 2),المرغيناني,593,الهداية_في_شرح_بداية_المبتدي_Part_01.md
الفقه الحنفي,الهداية في شرح بداية المبتدي - المجلد 1 (الجزء 2 من 2),المرغيناني,593,الهداية_في_شرح_بداية_المبتدي_Part_02.md
الفقه الحنفي,بدائع الصنائع في ترتيب الشرائع - المجلد 1 (الجزء 1 من 8),الكاساني,غير مذكور,بدائع_الصنائع_في_ترتيب_الشرائع_Part_01.md
الفقه الحنفي,بدائع الصنائع في ترتيب الشرائع - المجلد 1 (الجزء 2 من 8),الكاساني,غير مذكور,بدائع_الصنائع_في_ترتيب_الشرائع_Part_02.md
الفقه الحنفي,بدائع الصنائع في ترتيب الشرائع - المجلد 1 (الجزء 3 من 8),الكاساني,غير مذكور,بدائع_الصنائع_في_ترتيب_الشرائع_Part_03.md
الفقه الحنفي,بدائع الصنائع في ترتيب الشرائع - المجلد 1 (الجزء 4 من 8),الكاساني,غير مذكور,بدائع_الصنائع_في_ترتيب_الشرائع_Part_04.md
الفقه الحنفي,بدائع الصنائع في ترتيب الشرائع - المجلد 1 (الجزء 5 من 8),الكاساني,غير مذكور,بدائع_الصنائع_في_ترتيب_الشرائع_Part_05.md
الفقه الحنفي,بدائع الصنائع في ترتيب الشرائع - المجلد 1 (الجزء 6 من 8),الكاساني,غير مذكور,بدائع_الصنائع_في_ترتيب_الشرائع_Part_06.md
الفقه الحنفي,بدائع الصنائع في ترتيب الشرائع - المجلد 1 (الجزء 7 من 8),الكاساني,غير مذكور,بدائع_الصنائع_في_ترتيب_الشرائع_Part_07.md
الفقه الحنفي,بدائع الصنائع في ترتيب الشرائع - المجلد 1 (الجزء 8 من 8),الكاساني,غير مذكور,بدائع_الصنائع_في_ترتيب_الشرائع_Part_08.md
الفقه الحنفي,بداية المبتدي,المرغيناني,593,بداية_المبتدي.md
الفقه الحنفي,تبيين الحقائق شرح كنز الدقائق وحاشية الشلبي - المجلد 1 (الجزء 1 من 9),الفخر الزيلعي,غير مذكور,تبيين_الحقائق_شرح_كنز_الدقائق_وحاشية_الشلبي_Part_01.md
الفقه الحنفي,تبيين الحقائق شرح كنز الدقائق وحاشية الشلبي - المجلد 1 (الجزء 2 من 9),الفخر الزيلعي,غير مذكور,تبيين_الحقائق_شرح_كنز_الدقائق_وحاشية_الشلبي_Part_02.md
الفقه الحنفي,تبيين الحقائق شرح كنز الدقائق وحاشية الشلبي - المجلد 1 (الجزء 3 من 9),الفخر الزيلعي,غير مذكور,تبيين_الحقائق_شرح_كنز_الدقائق_وحاشية_الشلبي_Part_03.md
الفقه الحنفي,تبيين الحقائق شرح كنز الدقائق وحاشية الشلبي - المجلد 1 (الجزء 4 من 9),الفخر الزيلعي,غير مذكور,تبيين_الحقائق_شرح_كنز_الدقائق_وحاشية_الشلبي_Part_04.md
الفقه الحنفي,تبيين الحقائق شرح كنز الدقائق وحاشية الشلبي - المجلد 1 (الجزء 5 من 9),الفخر الزيلعي,غير مذكور,تبيين_الحقائق_شرح_كنز_الدقائق_وحاشية_الشلبي_Part_05.md
الفقه الحنفي,تبيين الحقائق شرح كنز الدقائق وحاشية الشلبي - المجلد 1 (الجزء 6 من 9),الفخر الزيلعي,غير مذكور,تبيين_الحقائق_شرح_كنز_الدقائق_وحاشية_الشلبي_Part_06.md
الفقه الحنفي,تبيين الحقائق شرح كنز الدقائق وحاشية الشلبي - المجلد 1 (الجزء 7 من 9),الفخر الزيلعي,غير مذكور,تبيين_الحقائق_شرح_كنز_الدقائق_وحاشية_الشلبي_Part_07.md
الفقه الحنفي,تبيين الحقائق شرح كنز الدقائق وحاشية الشلبي - المجلد 1 (الجزء 8 من 9),الفخر الزيلعي,غير مذكور,تبيين_الحقائق_شرح_كنز_الدقائق_وحاشية_الشلبي_Part_08.md
الفقه الحنفي,تبيين الحقائق شرح كنز الدقائق وحاشية الشلبي - المجلد 1 (الجزء 9 من 9),الفخر الزيلعي,غير مذكور,تبيين_الحقائق_شرح_كنز_الدقائق_وحاشية_الشلبي_Part_09.md
الفقه الحنفي,تحبير التحرير في إبطال القضا بالفسخ بالغبن الفاحش بلا تغرير - ط إسطنبول,ابن عابدين,1252,تحبير_التحرير_في_إبطال_القضا_بالفسخ_بالغبن_الفاحش_بلا_تغرير_-_ط_إسطنبول.md
الفقه الحنفي,تحرير العبارة فيمن هو أحق بالإجارة - ط إسطنبول,ابن عابدين,1252,تحرير_العبارة_فيمن_هو_أحق_بالإجارة_-_ط_إسطنبول.md
الفقه الحنفي,تحفة الفقهاء - المجلد 1 (الجزء 1 من 2),علاء الدين السمرقندي,غير مذكور,تحفة_الفقهاء_Part_01.md
الفقه الحنفي,تحفة الفقهاء - المجلد 1 (الجزء 2 من 2),علاء الدين السمرقندي,غير مذكور,تحفة_الفقهاء_Part_02.md
الفقه الحنفي,تحفة الملوك,زين الدين الرازي,666,تحفة_الملوك.md
الفقه الحنفي,تكملة حاشية ابن عابدين = قرة عيون الأخيار تكملة رد المحتار - ط الفكر - المجلد 1 (الجزء 1 من 3),نجل ابن عابدين,غير مذكور,تكملة_حاشية_ابن_عابدين_=_قرة_عيون_الأخيار_تكملة_رد_المحتار_-_ط_الفكر_Part_01.md
الفقه الحنفي,تكملة حاشية ابن عابدين = قرة عيون الأخيار تكملة رد المحتار - ط الفكر - المجلد 1 (الجزء 2 من 3),نجل ابن عابدين,غير مذكور,تكملة_حاشية_ابن_عابدين_=_قرة_عيون_الأخيار_تكملة_رد_المحتار_-_ط_الفكر_Part_02.md
الفقه الحنفي,تكملة حاشية ابن عابدين = قرة عيون الأخيار تكملة رد المحتار - ط الفكر - المجلد 1 (الجزء 3 من 3),نجل ابن عابدين,غير مذكور,تكملة_حاشية_ابن_عابدين_=_قرة_عيون_الأخيار_تكملة_رد_المحتار_-_ط_الفكر_Part_03.md
الفقه الحنفي,تكملة فتح القدير نتائج الأفكار في كشف الرموز والأسرار - المجلد 1 (الجزء 1 من 4),قاضي زاده,غير مذكور,تكملة_فتح_القدير_نتائج_الأفكار_في_كشف_الرموز_والأسرار_Part_01.md
الفقه الحنفي,تكملة فتح القدير نتائج الأفكار في كشف الرموز والأسرار - المجلد 1 (الجزء 2 من 4),قاضي زاده,غير مذكور,تكملة_فتح_القدير_نتائج_الأفكار_في_كشف_الرموز_والأسرار_Part_02.md
الفقه الحنفي,تكملة فتح القدير نتائج الأفكار في كشف الرموز والأسرار - المجلد 1 (الجزء 3 من 4),قاضي زاده,غير مذكور,تكملة_فتح_القدير_نتائج_الأفكار_في_كشف_الرموز_والأسرار_Part_03.md
الفقه الحنفي,تكملة فتح القدير نتائج الأفكار في كشف الرموز والأسرار - المجلد 1 (الجزء 4 من 4),قاضي زاده,غير مذكور,تكملة_فتح_القدير_نتائج_الأفكار_في_كشف_الرموز_والأسرار_Part_04.md
الفقه الحنفي,تنبيه الرقود على مسائل النقود - ط إسطنبول,ابن عابدين,1252,تنبيه_الرقود_على_مسائل_النقود_-_ط_إسطنبول.md
الفقه الحنفي,تنبيه الغافل والوسنان على أحكام هلال رمضان - ط إسطنبول,ابن عابدين,1252,تنبيه_الغافل_والوسنان_على_أحكام_هلال_رمضان_-_ط_إسطنبول.md
الفقه الحنفي,تنبيه ذوى الأفهام على أحكام التبليغ خلف الإمام - ط إسطنبول,ابن عابدين,1252,تنبيه_ذوى_الأفهام_على_أحكام_التبليغ_خلف_الإمام_-_ط_إسطنبول.md
الفقه الحنفي,تنبيه ذوى الأفهام على بطلان الحكم بنقض الدعوى بعد الإبراء العام - ط إسطنبول,ابن عابدين,1252,تنبيه_ذوى_الأفهام_على_بطلان_الحكم_بنقض_الدعوى_بعد_الإبراء_العام_-_ط_إسطنبول.md
الفقه الحنفي,حاشية ابن عابدين = رد المحتار - ط الحلبي - المجلد 1 (الجزء 1 من 13),ابن عابدين,1252,حاشية_ابن_عابدين_=_رد_المحتار_-_ط_الحلبي_Part_01.md
الفقه الحنفي,حاشية ابن عابدين = رد المحتار - ط الحلبي - المجلد 1 (الجزء 2 من 13),ابن عابدين,1252,حاشية_ابن_عابدين_=_رد_المحتار_-_ط_الحلبي_Part_02.md
الفقه الحنفي,حاشية ابن عابدين = رد المحتار - ط الحلبي - المجلد 1 (الجزء 3 من 13),ابن عابدين,1252,حاشية_ابن_عابدين_=_رد_المحتار_-_ط_الحلبي_Part_03.md
الفقه الحنفي,حاشية ابن عابدين = رد المحتار - ط الحلبي - المجلد 1 (الجزء 4 من 13),ابن عابدين,1252,حاشية_ابن_عابدين_=_رد_المحتار_-_ط_الحلبي_Part_04.md
الفقه الحنفي,حاشية ابن عابدين = رد المحتار - ط الحلبي - المجلد 1 (الجزء 5 من 13),ابن عابدين,1252,حاشية_ابن_عابدين_=_رد_المحتار_-_ط_الحلبي_Part_05.md
الفقه الحنفي,حاشية ابن عابدين = رد المحتار - ط الحلبي - المجلد 1 (الجزء 6 من 13),ابن عابدين,1252,حاشية_ابن_عابدين_=_رد_المحتار_-_ط_الحلبي_Part_06.md
الفقه الحنفي,حاشية ابن عابدين = رد المحتار - ط الحلبي - المجلد 1 (الجزء 7 من 13),ابن عابدين,1252,حاشية_ابن_عابدين_=_رد_المحتار_-_ط_الحلبي_Part_07.md
الفقه الحنفي,حاشية ابن عابدين = رد المحتار - ط الحلبي - المجلد 1 (الجزء 8 من 13),ابن عابدين,1252,حاشية_ابن_عابدين_=_رد_المحتار_-_ط_الحلبي_Part_08.md
الفقه الحنفي,حاشية ابن عابدين = رد المحتار - ط الحلبي - المجلد 1 (الجزء 9 من 13),ابن عابدين,1252,حاشية_ابن_عابدين_=_رد_المحتار_-_ط_الحلبي_Part_09.md
الفقه الحنفي,حاشية ابن عابدين = رد المحتار - ط الحلبي - المجلد 1 (الجزء 10 من 13),ابن عابدين,1252,حاشية_ابن_عابدين_=_رد_المحتار_-_ط_الحلبي_Part_10.md
الفقه الحنفي,حاشية ابن عابدين = رد المحتار - ط الحلبي - المجلد 1 (الجزء 11 من 13),ابن عابدين,1252,حاشية_ابن_عابدين_=_رد_المحتار_-_ط_الحلبي_Part_11.md
الفقه الحنفي,حاشية ابن عابدين = رد المحتار - ط الحلبي - المجلد 1 (الجزء 12 من 13),ابن عابدين,1252,حاشية_ابن_عابدين_=_رد_المحتار_-_ط_الحلبي_Part_12.md
الفقه الحنفي,حاشية ابن عابدين = رد المحتار - ط الحلبي - المجلد 1 (الجزء 13 من 13),ابن عابدين,1252,حاشية_ابن_عابدين_=_رد_المحتار_-_ط_الحلبي_Part_13.md
الفقه الحنفي,حاشية الطحطاوي على مراقي الفلاح شرح نور الإيضاح - المجلد 1 (الجزء 1 من 2),الطحطاوي,غير مذكور,حاشية_الطحطاوي_على_مراقي_الفلاح_شرح_نور_الإيضاح_Part_01.md
الفقه الحنفي,حاشية الطحطاوي على مراقي الفلاح شرح نور الإيضاح - المجلد 1 (الجزء 2 من 2),الطحطاوي,غير مذكور,حاشية_الطحطاوي_على_مراقي_الفلاح_شرح_نور_الإيضاح_Part_02.md
الفقه الحنفي,خزانة المفتين - قسم العبادات,السمنقاني,746,خزانة_المفتين_-_قسم_العبادات.md
الفقه الحنفي,در المهتدي وذخر المقتدي نظم بداية المبتدي المعروف بالهاملية - ضمن مجموع «الرفعة»,أبو بكر الهاملي,769,در_المهتدي_وذخر_المقتدي_نظم_بداية_المبتدي_المعروف_بالهاملية_-_ضمن_مجموع_«الرفعة».md
الفقه الحنفي,درر الحكام شرح غرر الأحكام - المجلد 1 (الجزء 1 من 4),منلا خسرو,غير مذكور,درر_الحكام_شرح_غرر_الأحكام_Part_01.md
الفقه الحنفي,درر الحكام شرح غرر الأحكام - المجلد 1 (الجزء 2 من 4),منلا خسرو,غير مذكور,درر_الحكام_شرح_غرر_الأحكام_Part_02.md
الفقه الحنفي,درر الحكام شرح غرر الأحكام - المجلد 1 (الجزء 3 من 4),منلا خسرو,غير مذكور,درر_الحكام_شرح_غرر_الأحكام_Part_03.md
الفقه الحنفي,درر الحكام شرح غرر الأحكام - المجلد 1 (الجزء 4 من 4),منلا خسرو,غير مذكور,درر_الحكام_شرح_غرر_الأحكام_Part_04.md
الفقه الحنفي,ذخر المتأهلين والنساء للإمام البركوي,البركوي,981,ذخر_المتأهلين_والنساء_للإمام_البركوي.md
الفقه الحنفي,رؤوس المسائل للزمخشري,الزمخشري,538,رؤوس_المسائل_للزمخشري.md
الفقه الحنفي,رفع الانتقاض ودفع الاعتراض على قولهم الأيمان مبنية على الألفاظ لا على الأغراض - ط إسطنبول,ابن عابدين,1252,رفع_الانتقاض_ودفع_الاعتراض_على_قولهم_الأيمان_مبنية_على_الألفاظ_لا_على_الأغراض_-_ط_إسطنبول.md
الفقه الحنفي,رفع التردد في عقد الأصابع عند التشهد مع ذيلها,ابن عابدين,1252,رفع_التردد_في_عقد_الأصابع_عند_التشهد_مع_ذيلها.md
الفقه الحنفي,شرح الزيادات - قاضي خان - المجلد 1 (الجزء 1 من 2),قاضي خان,غير مذكور,شرح_الزيادات_-_قاضي_خان_Part_01.md
الفقه الحنفي,شرح الزيادات - قاضي خان - المجلد 1 (الجزء 2 من 2),قاضي خان,غير مذكور,شرح_الزيادات_-_قاضي_خان_Part_02.md
الفقه الحنفي,شرح الوقاية - ت أبو الحاج - المجلد 1 (الجزء 1 من 2),المحبوبي صدر الشريعة الأصغر,غير مذكور,شرح_الوقاية_-_ت_أبو_الحاج_Part_01.md
الفقه الحنفي,شرح الوقاية - ت أبو الحاج - المجلد 1 (الجزء 2 من 2),المحبوبي صدر الشريعة الأصغر,غير مذكور,شرح_الوقاية_-_ت_أبو_الحاج_Part_02.md
الفقه الحنفي,شرح مختصر الطحاوي للجصاص - المجلد 1 (الجزء 1 من 3),أبو بكر الرازي الجصاص,غير مذكور,شرح_مختصر_الطحاوي_للجصاص_Part_01.md
الفقه الحنفي,شرح مختصر الطحاوي للجصاص - المجلد 1 (الجزء 2 من 3),أبو بكر الرازي الجصاص,غير مذكور,شرح_مختصر_الطحاوي_للجصاص_Part_02.md
الفقه الحنفي,شرح مختصر الطحاوي للجصاص - المجلد 1 (الجزء 3 من 3),أبو بكر الرازي الجصاص,غير مذكور,شرح_مختصر_الطحاوي_للجصاص_Part_03.md
الفقه الحنفي,شرح مختصر الكرخي - المجلد 1 (الجزء 1 من 6),القدوري,428,شرح_مختصر_الكرخي_Part_01.md
الفقه الحنفي,شرح مختصر الكرخي - المجلد 1 (الجزء 2 من 6),القدوري,428,شرح_مختصر_الكرخي_Part_02.md
الفقه الحنفي,شرح مختصر الكرخي - المجلد 1 (الجزء 3 من 6),القدوري,428,شرح_مختصر_الكرخي_Part_03.md
الفقه الحنفي,شرح مختصر الكرخي - المجلد 1 (الجزء 4 من 6),القدوري,428,شرح_مختصر_الكرخي_Part_04.md
الفقه الحنفي,شرح مختصر الكرخي - المجلد 1 (الجزء 5 من 6),القدوري,428,شرح_مختصر_الكرخي_Part_05.md
الفقه الحنفي,شرح مختصر الكرخي - المجلد 1 (الجزء 6 من 6),القدوري,428,شرح_مختصر_الكرخي_Part_06.md
الفقه الحنفي,شرح مشكلات القدوري,خواهر زاده بدر الدين الكردري,651,شرح_مشكلات_القدوري.md
الفقه الحنفي,طريقة الخلاف في الفقه بين الأئمة الأسلاف,العلاء الأسمندي,552,طريقة_الخلاف_في_الفقه_بين_الأئمة_الأسلاف.md
الفقه الحنفي,عيون المسائل للسمرقندي الحنفي,أبو الليث السمرقندي,373,عيون_المسائل_للسمرقندي_الحنفي.md
الفقه الحنفي,فتح القدير للكمال بن الهمام - ط الحلبي - المجلد 1 (الجزء 1 من 8),الكمال بن الهمام,غير مذكور,فتح_القدير_للكمال_بن_الهمام_-_ط_الحلبي_Part_01.md
الفقه الحنفي,فتح القدير للكمال بن الهمام - ط الحلبي - المجلد 1 (الجزء 2 من 8),الكمال بن الهمام,غير مذكور,فتح_القدير_للكمال_بن_الهمام_-_ط_الحلبي_Part_02.md
الفقه الحنفي,فتح القدير للكمال بن الهمام - ط الحلبي - المجلد 1 (الجزء 3 من 8),الكمال بن الهمام,غير مذكور,فتح_القدير_للكمال_بن_الهمام_-_ط_الحلبي_Part_03.md
الفقه الحنفي,فتح القدير للكمال بن الهمام - ط الحلبي - المجلد 1 (الجزء 4 من 8),الكمال بن الهمام,غير مذكور,فتح_القدير_للكمال_بن_الهمام_-_ط_الحلبي_Part_04.md
الفقه الحنفي,فتح القدير للكمال بن الهمام - ط الحلبي - المجلد 1 (الجزء 5 من 8),الكمال بن الهمام,غير مذكور,فتح_القدير_للكمال_بن_الهمام_-_ط_الحلبي_Part_05.md
الفقه الحنفي,فتح القدير للكمال بن الهمام - ط الحلبي - المجلد 1 (الجزء 6 من 8),الكمال بن الهمام,غير مذكور,فتح_القدير_للكمال_بن_الهمام_-_ط_الحلبي_Part_06.md
الفقه الحنفي,فتح القدير للكمال بن الهمام - ط الحلبي - المجلد 1 (الجزء 7 من 8),الكمال بن الهمام,غير مذكور,فتح_القدير_للكمال_بن_الهمام_-_ط_الحلبي_Part_07.md
الفقه الحنفي,فتح القدير للكمال بن الهمام - ط الحلبي - المجلد 1 (الجزء 8 من 8),الكمال بن الهمام,غير مذكور,فتح_القدير_للكمال_بن_الهمام_-_ط_الحلبي_Part_08.md
الفقه الحنفي,فتح باب العناية بشرح النقاية - المجلد 1 (الجزء 1 من 3),الملا على القاري,غير مذكور,فتح_باب_العناية_بشرح_النقاية_Part_01.md
الفقه الحنفي,فتح باب العناية بشرح النقاية - المجلد 1 (الجزء 2 من 3),الملا على القاري,غير مذكور,فتح_باب_العناية_بشرح_النقاية_Part_02.md
الفقه الحنفي,فتح باب العناية بشرح النقاية - المجلد 1 (الجزء 3 من 3),الملا على القاري,غير مذكور,فتح_باب_العناية_بشرح_النقاية_Part_03.md
الفقه الحنفي,فقه العبادات على المذهب الحنفي,نجاح الحلبي,غير مذكور,فقه_العبادات_على_المذهب_الحنفي.md
الفقه الحنفي,كنز الدقائق,حافظ الدين أبو البركات النسفي,710,كنز_الدقائق.md
الفقه الحنفي,لسان الحكام,ابن الشحنة، لسان الدين,882,لسان_الحكام.md
الفقه الحنفي,مجمع الأنهر في شرح ملتقى الأبحر - المجلد 1 (الجزء 1 من 4),داماد أفندي عبد الرحمن شيخي زاده,غير مذكور,مجمع_الأنهر_في_شرح_ملتقى_الأبحر_Part_01.md
الفقه الحنفي,مجمع الأنهر في شرح ملتقى الأبحر - المجلد 1 (الجزء 2 من 4),داماد أفندي عبد الرحمن شيخي زاده,غير مذكور,مجمع_الأنهر_في_شرح_ملتقى_الأبحر_Part_02.md
الفقه الحنفي,مجمع الأنهر في شرح ملتقى الأبحر - المجلد 1 (الجزء 3 من 4),داماد أفندي عبد الرحمن شيخي زاده,غير مذكور,مجمع_الأنهر_في_شرح_ملتقى_الأبحر_Part_03.md
الفقه الحنفي,مجمع الأنهر في شرح ملتقى الأبحر - المجلد 1 (الجزء 4 من 4),داماد أفندي عبد الرحمن شيخي زاده,غير مذكور,مجمع_الأنهر_في_شرح_ملتقى_الأبحر_Part_04.md
الفقه الحنفي,مجمع الضمانات - المجلد 1 (الجزء 1 من 2),غانم بن محمد البغدادي,غير مذكور,مجمع_الضمانات_Part_01.md
الفقه الحنفي,مجمع الضمانات - المجلد 1 (الجزء 2 من 2),غانم بن محمد البغدادي,غير مذكور,مجمع_الضمانات_Part_02.md
الفقه الحنفي,مختصر القدوري,القدوري,428,مختصر_القدوري.md
الفقه الحنفي,مراقي الفلاح شرح نور الإيضاح,الشرنبلالي,1069,مراقي_الفلاح_شرح_نور_الإيضاح.md
الفقه الحنفي,مرشد الحيران إلى معرفة أحوال الإنسان,محمد قدري باشا,1306,مرشد_الحيران_إلى_معرفة_أحوال_الإنسان.md
الفقه الحنفي,معراج الدراية في شرح الهداية - المجلد 1 (الجزء 1 من 10),الكاكي,غير مذكور,معراج_الدراية_في_شرح_الهداية_Part_01.md
الفقه الحنفي,معراج الدراية في شرح الهداية - المجلد 1 (الجزء 2 من 10),الكاكي,غير مذكور,معراج_الدراية_في_شرح_الهداية_Part_02.md
الفقه الحنفي,معراج الدراية في شرح الهداية - المجلد 1 (الجزء 3 من 10),الكاكي,غير مذكور,معراج_الدراية_في_شرح_الهداية_Part_03.md
الفقه الحنفي,معراج الدراية في شرح الهداية - المجلد 1 (الجزء 4 من 10),الكاكي,غير مذكور,معراج_الدراية_في_شرح_الهداية_Part_04.md
الفقه الحنفي,معراج الدراية في شرح الهداية - المجلد 1 (الجزء 5 من 10),الكاكي,غير مذكور,معراج_الدراية_في_شرح_الهداية_Part_05.md
الفقه الحنفي,معراج الدراية في شرح الهداية - المجلد 1 (الجزء 6 من 10),الكاكي,غير مذكور,معراج_الدراية_في_شرح_الهداية_Part_06.md
الفقه الحنفي,معراج الدراية في شرح الهداية - المجلد 1 (الجزء 7 من 10),الكاكي,غير مذكور,معراج_الدراية_في_شرح_الهداية_Part_07.md
الفقه الحنفي,معراج الدراية في شرح الهداية - المجلد 1 (الجزء 8 من 10),الكاكي,غير مذكور,معراج_الدراية_في_شرح_الهداية_Part_08.md
الفقه الحنفي,معراج الدراية في شرح الهداية - المجلد 1 (الجزء 9 من 10),الكاكي,غير مذكور,معراج_الدراية_في_شرح_الهداية_Part_09.md
الفقه الحنفي,معراج الدراية في شرح الهداية - المجلد 1 (الجزء 10 من 10),الكاكي,غير مذكور,معراج_الدراية_في_شرح_الهداية_Part_10.md
الفقه الحنفي,ملتقى الأبحر,إبراهيم الحلبي,956,ملتقى_الأبحر.md
الفقه الحنفي,منحة السلوك في شرح تحفة الملوك,بدر الدين العيني,855,منحة_السلوك_في_شرح_تحفة_الملوك.md
الفقه الحنفي,منهل الواردين من بحار الفيض على ذخر المتأهلين في مسائل الحيض - ط إسطنبول,ابن عابدين,1252,منهل_الواردين_من_بحار_الفيض_على_ذخر_المتأهلين_في_مسائل_الحيض_-_ط_إسطنبول.md
الفقه الحنفي,نظم نور الإيضاح,عبد الكريم بن عبد الله حمزة,غير مذكور,نظم_نور_الإيضاح.md
الفقه الحنفي,نور الإيضاح ونجاة الأرواح في الفقه الحنفي,الشرنبلالي,1069,نور_الإيضاح_ونجاة_الأرواح_في_الفقه_الحنفي.md
الفقه الشافعي,أسنى المطالب في شرح روض الطالب - ط العلمية - المجلد 1 (الجزء 1 من 7),زكريا الأنصاري,926,أسنى_المطالب_في_شرح_روض_الطالب_-_ط_العلمية_Part_01.md
الفقه الشافعي,أسنى المطالب في شرح روض الطالب - ط العلمية - المجلد 1 (الجزء 2 من 7),زكريا الأنصاري,926,أسنى_المطالب_في_شرح_روض_الطالب_-_ط_العلمية_Part_02.md
الفقه الشافعي,أسنى المطالب في شرح روض الطالب - ط العلمية - المجلد 1 (الجزء 3 من 7),زكريا الأنصاري,926,أسنى_المطالب_في_شرح_روض_الطالب_-_ط_العلمية_Part_03.md
الفقه الشافعي,أسنى المطالب في شرح روض الطالب - ط العلمية - المجلد 1 (الجزء 4 من 7),زكريا الأنصاري,926,أسنى_المطالب_في_شرح_روض_الطالب_-_ط_العلمية_Part_04.md
الفقه الشافعي,أسنى المطالب في شرح روض الطالب - ط العلمية - المجلد 1 (الجزء 5 من 7),زكريا الأنصاري,926,أسنى_المطالب_في_شرح_روض_الطالب_-_ط_العلمية_Part_05.md
الفقه الشافعي,أسنى المطالب في شرح روض الطالب - ط العلمية - المجلد 1 (الجزء 6 من 7),زكريا الأنصاري,926,أسنى_المطالب_في_شرح_روض_الطالب_-_ط_العلمية_Part_06.md
الفقه الشافعي,أسنى المطالب في شرح روض الطالب - ط العلمية - المجلد 1 (الجزء 7 من 7),زكريا الأنصاري,926,أسنى_المطالب_في_شرح_روض_الطالب_-_ط_العلمية_Part_07.md
الفقه الشافعي,أسنى المطالب في شرح روض الطالب - ط الميمنية - المجلد 1 (الجزء 1 من 10),زكريا الأنصاري,926,أسنى_المطالب_في_شرح_روض_الطالب_-_ط_الميمنية_Part_01.md
الفقه الشافعي,أسنى المطالب في شرح روض الطالب - ط الميمنية - المجلد 1 (الجزء 2 من 10),زكريا الأنصاري,926,أسنى_المطالب_في_شرح_روض_الطالب_-_ط_الميمنية_Part_02.md
الفقه الشافعي,أسنى المطالب في شرح روض الطالب - ط الميمنية - المجلد 1 (الجزء 3 من 10),زكريا الأنصاري,926,أسنى_المطالب_في_شرح_روض_الطالب_-_ط_الميمنية_Part_03.md
الفقه الشافعي,أسنى المطالب في شرح روض الطالب - ط الميمنية - المجلد 1 (الجزء 4 من 10),زكريا الأنصاري,926,أسنى_المطالب_في_شرح_روض_الطالب_-_ط_الميمنية_Part_04.md
الفقه الشافعي,أسنى المطالب في شرح روض الطالب - ط الميمنية - المجلد 1 (الجزء 5 من 10),زكريا الأنصاري,926,أسنى_المطالب_في_شرح_روض_الطالب_-_ط_الميمنية_Part_05.md
الفقه الشافعي,أسنى المطالب في شرح روض الطالب - ط الميمنية - المجلد 1 (الجزء 6 من 10),زكريا الأنصاري,926,أسنى_المطالب_في_شرح_روض_الطالب_-_ط_الميمنية_Part_06.md
الفقه الشافعي,أسنى المطالب في شرح روض الطالب - ط الميمنية - المجلد 1 (الجزء 7 من 10),زكريا الأنصاري,926,أسنى_المطالب_في_شرح_روض_الطالب_-_ط_الميمنية_Part_07.md
الفقه الشافعي,أسنى المطالب في شرح روض الطالب - ط الميمنية - المجلد 1 (الجزء 8 من 10),زكريا الأنصاري,926,أسنى_المطالب_في_شرح_روض_الطالب_-_ط_الميمنية_Part_08.md
الفقه الشافعي,أسنى المطالب في شرح روض الطالب - ط الميمنية - المجلد 1 (الجزء 9 من 10),زكريا الأنصاري,926,أسنى_المطالب_في_شرح_روض_الطالب_-_ط_الميمنية_Part_09.md
الفقه الشافعي,أسنى المطالب في شرح روض الطالب - ط الميمنية - المجلد 1 (الجزء 10 من 10),زكريا الأنصاري,926,أسنى_المطالب_في_شرح_روض_الطالب_-_ط_الميمنية_Part_10.md
الفقه الشافعي,الحاوي الكبير - المجلد 1 (الجزء 1 من 15),الماوردي,450,الحاوي_الكبير_Part_01.md
الفقه الشافعي,الحاوي الكبير - المجلد 1 (الجزء 2 من 15),الماوردي,450,الحاوي_الكبير_Part_02.md
الفقه الشافعي,الحاوي الكبير - المجلد 1 (الجزء 3 من 15),الماوردي,450,الحاوي_الكبير_Part_03.md
الفقه الشافعي,الحاوي الكبير - المجلد 1 (الجزء 4 من 15),الماوردي,450,الحاوي_الكبير_Part_04.md
الفقه الشافعي,الحاوي الكبير - المجلد 1 (الجزء 5 من 15),الماوردي,450,الحاوي_الكبير_Part_05.md
الفقه الشافعي,الحاوي الكبير - المجلد 1 (الجزء 6 من 15),الماوردي,450,الحاوي_الكبير_Part_06.md
الفقه الشافعي,الحاوي الكبير - المجلد 1 (الجزء 7 من 15),الماوردي,450,الحاوي_الكبير_Part_07.md
الفقه الشافعي,الحاوي الكبير - المجلد 1 (الجزء 8 من 15),الماوردي,450,الحاوي_الكبير_Part_08.md
الفقه الشافعي,الحاوي الكبير - المجلد 1 (الجزء 9 من 15),الماوردي,450,الحاوي_الكبير_Part_09.md
الفقه الشافعي,الحاوي الكبير - المجلد 1 (الجزء 10 من 15),الماوردي,450,الحاوي_الكبير_Part_10.md
الفقه الشافعي,الحاوي الكبير - المجلد 1 (الجزء 11 من 15),الماوردي,450,الحاوي_الكبير_Part_11.md
الفقه الشافعي,الحاوي الكبير - المجلد 1 (الجزء 12 من 15),الماوردي,450,الحاوي_الكبير_Part_12.md
الفقه الشافعي,الحاوي الكبير - المجلد 1 (الجزء 13 من 15),الماوردي,450,الحاوي_الكبير_Part_13.md
الفقه الشافعي,الحاوي الكبير - المجلد 1 (الجزء 14 من 15),الماوردي,450,الحاوي_الكبير_Part_14.md
الفقه الشافعي,الحاوي الكبير - المجلد 1 (الجزء 15 من 15),الماوردي,450,الحاوي_الكبير_Part_15.md
الفقه الشافعي,الوسيط في المذهب - المجلد 1 (الجزء 1 من 3),أبو حامد الغزالي,غير مذكور,الوسيط_في_المذهب_Part_01.md
الفقه الشافعي,الوسيط في المذهب - المجلد 1 (الجزء 2 من 3),أبو حامد الغزالي,غير مذكور,الوسيط_في_المذهب_Part_02.md
الفقه الشافعي,الوسيط في المذهب - المجلد 1 (الجزء 3 من 3),أبو حامد الغزالي,غير مذكور,الوسيط_في_المذهب_Part_03.md
الفقه الشافعي,بحر المذهب للروياني - المجلد 1 (الجزء 1 من 14),عَبْد الواحِد الرُّوْياني,غير مذكور,بحر_المذهب_للروياني_Part_01.md
الفقه الشافعي,بحر المذهب للروياني - المجلد 1 (الجزء 2 من 14),عَبْد الواحِد الرُّوْياني,غير مذكور,بحر_المذهب_للروياني_Part_02.md
الفقه الشافعي,بحر المذهب للروياني - المجلد 1 (الجزء 3 من 14),عَبْد الواحِد الرُّوْياني,غير مذكور,بحر_المذهب_للروياني_Part_03.md
الفقه الشافعي,بحر المذهب للروياني - المجلد 1 (الجزء 4 من 14),عَبْد الواحِد الرُّوْياني,غير مذكور,بحر_المذهب_للروياني_Part_04.md
الفقه الشافعي,بحر المذهب للروياني - المجلد 1 (الجزء 5 من 14),عَبْد الواحِد الرُّوْياني,غير مذكور,بحر_المذهب_للروياني_Part_05.md
الفقه الشافعي,بحر المذهب للروياني - المجلد 1 (الجزء 6 من 14),عَبْد الواحِد الرُّوْياني,غير مذكور,بحر_المذهب_للروياني_Part_06.md
الفقه الشافعي,بحر المذهب للروياني - المجلد 1 (الجزء 7 من 14),عَبْد الواحِد الرُّوْياني,غير مذكور,بحر_المذهب_للروياني_Part_07.md
الفقه الشافعي,بحر المذهب للروياني - المجلد 1 (الجزء 8 من 14),عَبْد الواحِد الرُّوْياني,غير مذكور,بحر_المذهب_للروياني_Part_08.md
الفقه الشافعي,بحر المذهب للروياني - المجلد 1 (الجزء 9 من 14),عَبْد الواحِد الرُّوْياني,غير مذكور,بحر_المذهب_للروياني_Part_09.md
الفقه الشافعي,بحر المذهب للروياني - المجلد 1 (الجزء 10 من 14),عَبْد الواحِد الرُّوْياني,غير مذكور,بحر_المذهب_للروياني_Part_10.md
الفقه الشافعي,بحر المذهب للروياني - المجلد 1 (الجزء 11 من 14),عَبْد الواحِد الرُّوْياني,غير مذكور,بحر_المذهب_للروياني_Part_11.md
الفقه الشافعي,بحر المذهب للروياني - المجلد 1 (الجزء 12 من 14),عَبْد الواحِد الرُّوْياني,غير مذكور,بحر_المذهب_للروياني_Part_12.md
الفقه الشافعي,بحر المذهب للروياني - المجلد 1 (الجزء 13 من 14),عَبْد الواحِد الرُّوْياني,غير مذكور,بحر_المذهب_للروياني_Part_13.md
الفقه الشافعي,بحر المذهب للروياني - المجلد 1 (الجزء 14 من 14),عَبْد الواحِد الرُّوْياني,غير مذكور,بحر_المذهب_للروياني_Part_14.md
الفقه الشافعي,إتحاف الأريب بشرح الغاية والتقريب,أبو المعاطي الشبراوي,غير مذكور,إتحاف_الأريب_بشرح_الغاية_والتقريب.md
الفقه الشافعي,إعانة الطالبين على حل ألفاظ فتح المعين - المجلد 1 (الجزء 1 من 6),البكري الدمياطي,غير مذكور,إعانة_الطالبين_على_حل_ألفاظ_فتح_المعين_Part_01.md
الفقه الشافعي,إعانة الطالبين على حل ألفاظ فتح المعين - المجلد 1 (الجزء 2 من 6),البكري الدمياطي,غير مذكور,إعانة_الطالبين_على_حل_ألفاظ_فتح_المعين_Part_02.md
الفقه الشافعي,إعانة الطالبين على حل ألفاظ فتح المعين - المجلد 1 (الجزء 3 من 6),البكري الدمياطي,غير مذكور,إعانة_الطالبين_على_حل_ألفاظ_فتح_المعين_Part_03.md
الفقه الشافعي,إعانة الطالبين على حل ألفاظ فتح المعين - المجلد 1 (الجزء 4 من 6),البكري الدمياطي,غير مذكور,إعانة_الطالبين_على_حل_ألفاظ_فتح_المعين_Part_04.md
الفقه الشافعي,إعانة الطالبين على حل ألفاظ فتح المعين - المجلد 1 (الجزء 5 من 6),البكري الدمياطي,غير مذكور,إعانة_الطالبين_على_حل_ألفاظ_فتح_المعين_Part_05.md
الفقه الشافعي,إعانة الطالبين على حل ألفاظ فتح المعين - المجلد 1 (الجزء 6 من 6),البكري الدمياطي,غير مذكور,إعانة_الطالبين_على_حل_ألفاظ_فتح_المعين_Part_06.md
الفقه الشافعي,الأجوبة العيثاوية عن المسائل الطرابلسية,العيثاوي,801,الأجوبة_العيثاوية_عن_المسائل_الطرابلسية.md
الفقه الشافعي,الأم للشافعي - ط الفكر - المجلد 1 (الجزء 1 من 7),الشافعي,غير مذكور,الأم_للشافعي_-_ط_الفكر_Part_01.md
الفقه الشافعي,الأم للشافعي - ط الفكر - المجلد 1 (الجزء 2 من 7),الشافعي,غير مذكور,الأم_للشافعي_-_ط_الفكر_Part_02.md
الفقه الشافعي,الأم للشافعي - ط الفكر - المجلد 1 (الجزء 3 من 7),الشافعي,غير مذكور,الأم_للشافعي_-_ط_الفكر_Part_03.md
الفقه الشافعي,الأم للشافعي - ط الفكر - المجلد 1 (الجزء 4 من 7),الشافعي,غير مذكور,الأم_للشافعي_-_ط_الفكر_Part_04.md
الفقه الشافعي,الأم للشافعي - ط الفكر - المجلد 1 (الجزء 5 من 7),الشافعي,غير مذكور,الأم_للشافعي_-_ط_الفكر_Part_05.md
الفقه الشافعي,الأم للشافعي - ط الفكر - المجلد 1 (الجزء 6 من 7),الشافعي,غير مذكور,الأم_للشافعي_-_ط_الفكر_Part_06.md
الفقه الشافعي,الأم للشافعي - ط الفكر - المجلد 1 (الجزء 7 من 7),الشافعي,غير مذكور,الأم_للشافعي_-_ط_الفكر_Part_07.md
الفقه الشافعي,الإقناع في حل ألفاظ أبي شجاع - المجلد 1 (الجزء 1 من 2),الخطيب الشربيني,غير مذكور,الإقناع_في_حل_ألفاظ_أبي_شجاع_Part_01.md
الفقه الشافعي,الإقناع في حل ألفاظ أبي شجاع - المجلد 1 (الجزء 2 من 2),الخطيب الشربيني,غير مذكور,الإقناع_في_حل_ألفاظ_أبي_شجاع_Part_02.md
الفقه الشافعي,الإقناع للماوردي,الماوردي,450,الإقناع_للماوردي.md
الفقه الشافعي,الاصطلام - ط المنار,أبو المظفر السمعاني,489,الاصطلام_-_ط_المنار.md
الفقه الشافعي,البيان في مذهب الإمام الشافعي - المجلد 1 (الجزء 1 من 8),العمراني,غير مذكور,البيان_في_مذهب_الإمام_الشافعي_Part_01.md
الفقه الشافعي,البيان في مذهب الإمام الشافعي - المجلد 1 (الجزء 2 من 8),العمراني,غير مذكور,البيان_في_مذهب_الإمام_الشافعي_Part_02.md
الفقه الشافعي,البيان في مذهب الإمام الشافعي - المجلد 1 (الجزء 3 من 8),العمراني,غير مذكور,البيان_في_مذهب_الإمام_الشافعي_Part_03.md
الفقه الشافعي,البيان في مذهب الإمام الشافعي - المجلد 1 (الجزء 4 من 8),العمراني,غير مذكور,البيان_في_مذهب_الإمام_الشافعي_Part_04.md
الفقه الشافعي,البيان في مذهب الإمام الشافعي - المجلد 1 (الجزء 5 من 8),العمراني,غير مذكور,البيان_في_مذهب_الإمام_الشافعي_Part_05.md
الفقه الشافعي,البيان في مذهب الإمام الشافعي - المجلد 1 (الجزء 6 من 8),العمراني,غير مذكور,البيان_في_مذهب_الإمام_الشافعي_Part_06.md
الفقه الشافعي,البيان في مذهب الإمام الشافعي - المجلد 1 (الجزء 7 من 8),العمراني,غير مذكور,البيان_في_مذهب_الإمام_الشافعي_Part_07.md
الفقه الشافعي,البيان في مذهب الإمام الشافعي - المجلد 1 (الجزء 8 من 8),العمراني,غير مذكور,البيان_في_مذهب_الإمام_الشافعي_Part_08.md
الفقه الشافعي,التدريب في الفقه الشافعي - المجلد 1 (الجزء 1 من 2),سراج الدين البلقيني,غير مذكور,التدريب_في_الفقه_الشافعي_Part_01.md
الفقه الشافعي,التدريب في الفقه الشافعي - المجلد 1 (الجزء 2 من 2),سراج الدين البلقيني,غير مذكور,التدريب_في_الفقه_الشافعي_Part_02.md
الفقه الشافعي,التذكرة في الفقه الشافعي,ابن الملقن,804,التذكرة_في_الفقه_الشافعي.md
الفقه الشافعي,التذهيب في أدلة متن الغاية والتقريب,مصطفى ديب البغا,غير مذكور,التذهيب_في_أدلة_متن_الغاية_والتقريب.md
الفقه الشافعي,التعليقة للقاضي حسين,القاضي الحسين,462,التعليقة_للقاضي_حسين.md
الفقه الشافعي,التنبيه في الفقه الشافعي,أبو إسحاق الشيرازي,476,التنبيه_في_الفقه_الشافعي.md
الفقه الشافعي,التهذيب في الفقه الشافعي - كتاب السير منه,البغوي، أبو محمد,516,التهذيب_في_الفقه_الشافعي_-_كتاب_السير_منه.md
الفقه الشافعي,التهذيب في الفقه الشافعي - المجلد 1 (الجزء 1 من 5),البغوي، أبو محمد,516,التهذيب_في_الفقه_الشافعي_Part_01.md
الفقه الشافعي,التهذيب في الفقه الشافعي - المجلد 1 (الجزء 2 من 5),البغوي، أبو محمد,516,التهذيب_في_الفقه_الشافعي_Part_02.md
الفقه الشافعي,التهذيب في الفقه الشافعي - المجلد 1 (الجزء 3 من 5),البغوي، أبو محمد,516,التهذيب_في_الفقه_الشافعي_Part_03.md
الفقه الشافعي,التهذيب في الفقه الشافعي - المجلد 1 (الجزء 4 من 5),البغوي، أبو محمد,516,التهذيب_في_الفقه_الشافعي_Part_04.md
الفقه الشافعي,التهذيب في الفقه الشافعي - المجلد 1 (الجزء 5 من 5),البغوي، أبو محمد,516,التهذيب_في_الفقه_الشافعي_Part_05.md
الفقه الشافعي,الخلافيات - البيهقي - ت النحال - المجلد 1 (الجزء 1 من 3),أبو بكر البيهقي,غير مذكور,الخلافيات_-_البيهقي_-_ت_النحال_Part_01.md
الفقه الشافعي,الخلافيات - البيهقي - ت النحال - المجلد 1 (الجزء 2 من 3),أبو بكر البيهقي,غير مذكور,الخلافيات_-_البيهقي_-_ت_النحال_Part_02.md
الفقه الشافعي,الخلافيات - البيهقي - ت النحال - المجلد 1 (الجزء 3 من 3),أبو بكر البيهقي,غير مذكور,الخلافيات_-_البيهقي_-_ت_النحال_Part_03.md
الفقه الشافعي,الزبد في الفقه الشافعي,ابن رسلان,844,الزبد_في_الفقه_الشافعي.md
الفقه الشافعي,السراج الوهاج على متن المنهاج,محمد الزهري الغمراوي,بعد 1337,السراج_الوهاج_على_متن_المنهاج.md
الفقه الشافعي,العزيز شرح الوجيز = الشرح الكبير للرافعي - ط العلمية - المجلد 1 (الجزء 1 من 11),الرافعي,غير مذكور,العزيز_شرح_الوجيز_=_الشرح_الكبير_للرافعي_-_ط_العلمية_Part_01.md
الفقه الشافعي,العزيز شرح الوجيز = الشرح الكبير للرافعي - ط العلمية - المجلد 1 (الجزء 2 من 11),الرافعي,غير مذكور,العزيز_شرح_الوجيز_=_الشرح_الكبير_للرافعي_-_ط_العلمية_Part_02.md
الفقه الشافعي,العزيز شرح الوجيز = الشرح الكبير للرافعي - ط العلمية - المجلد 1 (الجزء 3 من 11),الرافعي,غير مذكور,العزيز_شرح_الوجيز_=_الشرح_الكبير_للرافعي_-_ط_العلمية_Part_03.md
الفقه الشافعي,العزيز شرح الوجيز = الشرح الكبير للرافعي - ط العلمية - المجلد 1 (الجزء 4 من 11),الرافعي,غير مذكور,العزيز_شرح_الوجيز_=_الشرح_الكبير_للرافعي_-_ط_العلمية_Part_04.md
الفقه الشافعي,العزيز شرح الوجيز = الشرح الكبير للرافعي - ط العلمية - المجلد 1 (الجزء 5 من 11),الرافعي,غير مذكور,العزيز_شرح_الوجيز_=_الشرح_الكبير_للرافعي_-_ط_العلمية_Part_05.md
الفقه الشافعي,العزيز شرح الوجيز = الشرح الكبير للرافعي - ط العلمية - المجلد 1 (الجزء 6 من 11),الرافعي,غير مذكور,العزيز_شرح_الوجيز_=_الشرح_الكبير_للرافعي_-_ط_العلمية_Part_06.md
الفقه الشافعي,العزيز شرح الوجيز = الشرح الكبير للرافعي - ط العلمية - المجلد 1 (الجزء 7 من 11),الرافعي,غير مذكور,العزيز_شرح_الوجيز_=_الشرح_الكبير_للرافعي_-_ط_العلمية_Part_07.md
الفقه الشافعي,العزيز شرح الوجيز = الشرح الكبير للرافعي - ط العلمية - المجلد 1 (الجزء 8 من 11),الرافعي,غير مذكور,العزيز_شرح_الوجيز_=_الشرح_الكبير_للرافعي_-_ط_العلمية_Part_08.md
الفقه الشافعي,العزيز شرح الوجيز = الشرح الكبير للرافعي - ط العلمية - المجلد 1 (الجزء 9 من 11),الرافعي,غير مذكور,العزيز_شرح_الوجيز_=_الشرح_الكبير_للرافعي_-_ط_العلمية_Part_09.md
الفقه الشافعي,العزيز شرح الوجيز = الشرح الكبير للرافعي - ط العلمية - المجلد 1 (الجزء 10 من 11),الرافعي,غير مذكور,العزيز_شرح_الوجيز_=_الشرح_الكبير_للرافعي_-_ط_العلمية_Part_10.md
الفقه الشافعي,العزيز شرح الوجيز = الشرح الكبير للرافعي - ط العلمية - المجلد 1 (الجزء 11 من 11),الرافعي,غير مذكور,العزيز_شرح_الوجيز_=_الشرح_الكبير_للرافعي_-_ط_العلمية_Part_11.md
الفقه الشافعي,الغاية في اختصار النهاية - المجلد 1 (الجزء 1 من 3),عز الدين بن عبد السلام,غير مذكور,الغاية_في_اختصار_النهاية_Part_01.md
الفقه الشافعي,الغاية في اختصار النهاية - المجلد 1 (الجزء 2 من 3),عز الدين بن عبد السلام,غير مذكور,الغاية_في_اختصار_النهاية_Part_02.md
الفقه الشافعي,الغاية في اختصار النهاية - المجلد 1 (الجزء 3 من 3),عز الدين بن عبد السلام,غير مذكور,الغاية_في_اختصار_النهاية_Part_03.md
الفقه الشافعي,الغرر البهية في شرح البهجة الوردية - المجلد 1 (الجزء 1 من 9),زكريا الأنصاري,926,الغرر_البهية_في_شرح_البهجة_الوردية_Part_01.md
الفقه الشافعي,الغرر البهية في شرح البهجة الوردية - المجلد 1 (الجزء 2 من 9),زكريا الأنصاري,926,الغرر_البهية_في_شرح_البهجة_الوردية_Part_02.md
الفقه الشافعي,الغرر البهية في شرح البهجة الوردية - المجلد 1 (الجزء 3 من 9),زكريا الأنصاري,926,الغرر_البهية_في_شرح_البهجة_الوردية_Part_03.md
الفقه الشافعي,الغرر البهية في شرح البهجة الوردية - المجلد 1 (الجزء 4 من 9),زكريا الأنصاري,926,الغرر_البهية_في_شرح_البهجة_الوردية_Part_04.md
الفقه الشافعي,الغرر البهية في شرح البهجة الوردية - المجلد 1 (الجزء 5 من 9),زكريا الأنصاري,926,الغرر_البهية_في_شرح_البهجة_الوردية_Part_05.md
الفقه الشافعي,الغرر البهية في شرح البهجة الوردية - المجلد 1 (الجزء 6 من 9),زكريا الأنصاري,926,الغرر_البهية_في_شرح_البهجة_الوردية_Part_06.md
الفقه الشافعي,الغرر البهية في شرح البهجة الوردية - المجلد 1 (الجزء 7 من 9),زكريا الأنصاري,926,الغرر_البهية_في_شرح_البهجة_الوردية_Part_07.md
الفقه الشافعي,الغرر البهية في شرح البهجة الوردية - المجلد 1 (الجزء 8 من 9),زكريا الأنصاري,926,الغرر_البهية_في_شرح_البهجة_الوردية_Part_08.md
الفقه الشافعي,الغرر البهية في شرح البهجة الوردية - المجلد 1 (الجزء 9 من 9),زكريا الأنصاري,926,الغرر_البهية_في_شرح_البهجة_الوردية_Part_09.md
الفقه الشافعي,الفتاوى الكبرى الفقهية - المجلد 1 (الجزء 1 من 5),ابن حجر الهيتمي,974,الفتاوى_الكبرى_الفقهية_Part_01.md
الفقه الشافعي,الفتاوى الكبرى الفقهية - المجلد 1 (الجزء 2 من 5),ابن حجر الهيتمي,974,الفتاوى_الكبرى_الفقهية_Part_02.md
الفقه الشافعي,الفتاوى الكبرى الفقهية - المجلد 1 (الجزء 3 من 5),ابن حجر الهيتمي,974,الفتاوى_الكبرى_الفقهية_Part_03.md
الفقه الشافعي,الفتاوى الكبرى الفقهية - المجلد 1 (الجزء 4 من 5),ابن حجر الهيتمي,974,الفتاوى_الكبرى_الفقهية_Part_04.md
الفقه الشافعي,الفتاوى الكبرى الفقهية - المجلد 1 (الجزء 5 من 5),ابن حجر الهيتمي,974,الفتاوى_الكبرى_الفقهية_Part_05.md
الفقه الشافعي,الفقه المنهجي على مذهب الإمام الشافعي - المجلد 1 (الجزء 1 من 2),مجموعة من المؤلفين,غير مذكور,الفقه_المنهجي_على_مذهب_الإمام_الشافعي_Part_01.md
الفقه الشافعي,الفقه المنهجي على مذهب الإمام الشافعي - المجلد 1 (الجزء 2 من 2),مجموعة من المؤلفين,غير مذكور,الفقه_المنهجي_على_مذهب_الإمام_الشافعي_Part_02.md
الفقه الشافعي,اللباب في الفقه الشافعي,ابن المحاملي,415,اللباب_في_الفقه_الشافعي.md
الفقه الشافعي,المجموع شرح المهذب - ط المنيرية - المجلد 1 (الجزء 1 من 8),النووي,676,المجموع_شرح_المهذب_-_ط_المنيرية_Part_01.md
الفقه الشافعي,المجموع شرح المهذب - ط المنيرية - المجلد 1 (الجزء 2 من 8),النووي,676,المجموع_شرح_المهذب_-_ط_المنيرية_Part_02.md
الفقه الشافعي,المجموع شرح المهذب - ط المنيرية - المجلد 1 (الجزء 3 من 8),النووي,676,المجموع_شرح_المهذب_-_ط_المنيرية_Part_03.md
الفقه الشافعي,المجموع شرح المهذب - ط المنيرية - المجلد 1 (الجزء 4 من 8),النووي,676,المجموع_شرح_المهذب_-_ط_المنيرية_Part_04.md
الفقه الشافعي,المجموع شرح المهذب - ط المنيرية - المجلد 1 (الجزء 5 من 8),النووي,676,المجموع_شرح_المهذب_-_ط_المنيرية_Part_05.md
الفقه الشافعي,المجموع شرح المهذب - ط المنيرية - المجلد 1 (الجزء 6 من 8),النووي,676,المجموع_شرح_المهذب_-_ط_المنيرية_Part_06.md
الفقه الشافعي,المجموع شرح المهذب - ط المنيرية - المجلد 1 (الجزء 7 من 8),النووي,676,المجموع_شرح_المهذب_-_ط_المنيرية_Part_07.md
الفقه الشافعي,المجموع شرح المهذب - ط المنيرية - المجلد 1 (الجزء 8 من 8),النووي,676,المجموع_شرح_المهذب_-_ط_المنيرية_Part_08.md
الفقه الشافعي,المقدمة الحضرمية,بافضل الحضرمي,918,المقدمة_الحضرمية.md
الفقه الشافعي,المنهاج القويم شرح المقدمة الحضرمية,ابن حجر الهيتمي,974,المنهاج_القويم_شرح_المقدمة_الحضرمية.md
الفقه الشافعي,المهذب في فقه الإمام الشافعي - الشيرازي - المجلد 1 (الجزء 1 من 3),أبو إسحاق الشيرازي,476,المهذب_في_فقه_الإمام_الشافعي_-_الشيرازي_Part_01.md
الفقه الشافعي,المهذب في فقه الإمام الشافعي - الشيرازي - المجلد 1 (الجزء 2 من 3),أبو إسحاق الشيرازي,476,المهذب_في_فقه_الإمام_الشافعي_-_الشيرازي_Part_02.md
الفقه الشافعي,المهذب في فقه الإمام الشافعي - الشيرازي - المجلد 1 (الجزء 3 من 3),أبو إسحاق الشيرازي,476,المهذب_في_فقه_الإمام_الشافعي_-_الشيرازي_Part_03.md
الفقه الشافعي,المهمات في شرح الروضة والرافعي - المجلد 1 (الجزء 1 من 5),الإسنوي,772,المهمات_في_شرح_الروضة_والرافعي_Part_01.md
الفقه الشافعي,المهمات في شرح الروضة والرافعي - المجلد 1 (الجزء 2 من 5),الإسنوي,772,المهمات_في_شرح_الروضة_والرافعي_Part_02.md
الفقه الشافعي,المهمات في شرح الروضة والرافعي - المجلد 1 (الجزء 3 من 5),الإسنوي,772,المهمات_في_شرح_الروضة_والرافعي_Part_03.md
الفقه الشافعي,المهمات في شرح الروضة والرافعي - المجلد 1 (الجزء 4 من 5),الإسنوي,772,المهمات_في_شرح_الروضة_والرافعي_Part_04.md
الفقه الشافعي,المهمات في شرح الروضة والرافعي - المجلد 1 (الجزء 5 من 5),الإسنوي,772,المهمات_في_شرح_الروضة_والرافعي_Part_05.md
الفقه الشافعي,النجم الوهاج في شرح المنهاج - المجلد 1 (الجزء 1 من 7),الدميري,غير مذكور,النجم_الوهاج_في_شرح_المنهاج_Part_01.md
الفقه الشافعي,النجم الوهاج في شرح المنهاج - المجلد 1 (الجزء 2 من 7),الدميري,غير مذكور,النجم_الوهاج_في_شرح_المنهاج_Part_02.md
الفقه الشافعي,النجم الوهاج في شرح المنهاج - المجلد 1 (الجزء 3 من 7),الدميري,غير مذكور,النجم_الوهاج_في_شرح_المنهاج_Part_03.md
الفقه الشافعي,النجم الوهاج في شرح المنهاج - المجلد 1 (الجزء 4 من 7),الدميري,غير مذكور,النجم_الوهاج_في_شرح_المنهاج_Part_04.md
الفقه الشافعي,النجم الوهاج في شرح المنهاج - المجلد 1 (الجزء 5 من 7),الدميري,غير مذكور,النجم_الوهاج_في_شرح_المنهاج_Part_05.md
الفقه الشافعي,النجم الوهاج في شرح المنهاج - المجلد 1 (الجزء 6 من 7),الدميري,غير مذكور,النجم_الوهاج_في_شرح_المنهاج_Part_06.md
الفقه الشافعي,النجم الوهاج في شرح المنهاج - المجلد 1 (الجزء 7 من 7),الدميري,غير مذكور,النجم_الوهاج_في_شرح_المنهاج_Part_07.md
الفقه الشافعي,الهداية إلى أوهام الكفاية,الإسنوي,772,الهداية_إلى_أوهام_الكفاية.md
الفقه الشافعي,بداية المحتاج في شرح المنهاج - المجلد 1 (الجزء 1 من 3),بدر الدين ابن قاضي شهبة,غير مذكور,بداية_المحتاج_في_شرح_المنهاج_Part_01.md
الفقه الشافعي,بداية المحتاج في شرح المنهاج - المجلد 1 (الجزء 2 من 3),بدر الدين ابن قاضي شهبة,غير مذكور,بداية_المحتاج_في_شرح_المنهاج_Part_02.md
الفقه الشافعي,بداية المحتاج في شرح المنهاج - المجلد 1 (الجزء 3 من 3),بدر الدين ابن قاضي شهبة,غير مذكور,بداية_المحتاج_في_شرح_المنهاج_Part_03.md
الفقه الشافعي,تحرير الفتاوي على التنبيه والمنهاج والحاوي - المجلد 1 (الجزء 1 من 5),ابن العراقي,غير مذكور,تحرير_الفتاوي_على_التنبيه_والمنهاج_والحاوي_Part_01.md
الفقه الشافعي,تحرير الفتاوي على التنبيه والمنهاج والحاوي - المجلد 1 (الجزء 2 من 5),ابن العراقي,غير مذكور,تحرير_الفتاوي_على_التنبيه_والمنهاج_والحاوي_Part_02.md
الفقه الشافعي,تحرير الفتاوي على التنبيه والمنهاج والحاوي - المجلد 1 (الجزء 3 من 5),ابن العراقي,غير مذكور,تحرير_الفتاوي_على_التنبيه_والمنهاج_والحاوي_Part_03.md
الفقه الشافعي,تحرير الفتاوي على التنبيه والمنهاج والحاوي - المجلد 1 (الجزء 4 من 5),ابن العراقي,غير مذكور,تحرير_الفتاوي_على_التنبيه_والمنهاج_والحاوي_Part_04.md
الفقه الشافعي,تحرير الفتاوي على التنبيه والمنهاج والحاوي - المجلد 1 (الجزء 5 من 5),ابن العراقي,غير مذكور,تحرير_الفتاوي_على_التنبيه_والمنهاج_والحاوي_Part_05.md
الفقه الشافعي,تحفة المحتاج في شرح المنهاج وحواشي الشرواني والعبادي - المجلد 1 (الجزء 1 من 22),ابن حجر الهيتمي,974,تحفة_المحتاج_في_شرح_المنهاج_وحواشي_الشرواني_والعبادي_Part_01.md
الفقه الشافعي,تحفة المحتاج في شرح المنهاج وحواشي الشرواني والعبادي - المجلد 1 (الجزء 2 من 22),ابن حجر الهيتمي,974,تحفة_المحتاج_في_شرح_المنهاج_وحواشي_الشرواني_والعبادي_Part_02.md
الفقه الشافعي,تحفة المحتاج في شرح المنهاج وحواشي الشرواني والعبادي - المجلد 1 (الجزء 3 من 22),ابن حجر الهيتمي,974,تحفة_المحتاج_في_شرح_المنهاج_وحواشي_الشرواني_والعبادي_Part_03.md
الفقه الشافعي,تحفة المحتاج في شرح المنهاج وحواشي الشرواني والعبادي - المجلد 1 (الجزء 4 من 22),ابن حجر الهيتمي,974,تحفة_المحتاج_في_شرح_المنهاج_وحواشي_الشرواني_والعبادي_Part_04.md
الفقه الشافعي,تحفة المحتاج في شرح المنهاج وحواشي الشرواني والعبادي - المجلد 1 (الجزء 5 من 22),ابن حجر الهيتمي,974,تحفة_المحتاج_في_شرح_المنهاج_وحواشي_الشرواني_والعبادي_Part_05.md
الفقه الشافعي,تحفة المحتاج في شرح المنهاج وحواشي الشرواني والعبادي - المجلد 1 (الجزء 6 من 22),ابن حجر الهيتمي,974,تحفة_المحتاج_في_شرح_المنهاج_وحواشي_الشرواني_والعبادي_Part_06.md
الفقه الشافعي,تحفة المحتاج في شرح المنهاج وحواشي الشرواني والعبادي - المجلد 1 (الجزء 7 من 22),ابن حجر الهيتمي,974,تحفة_المحتاج_في_شرح_المنهاج_وحواشي_الشرواني_والعبادي_Part_07.md
الفقه الشافعي,تحفة المحتاج في شرح المنهاج وحواشي الشرواني والعبادي - المجلد 1 (الجزء 8 من 22),ابن حجر الهيتمي,974,تحفة_المحتاج_في_شرح_المنهاج_وحواشي_الشرواني_والعبادي_Part_08.md
الفقه الشافعي,تحفة المحتاج في شرح المنهاج وحواشي الشرواني والعبادي - المجلد 1 (الجزء 9 من 22),ابن حجر الهيتمي,974,تحفة_المحتاج_في_شرح_المنهاج_وحواشي_الشرواني_والعبادي_Part_09.md
الفقه الشافعي,تحفة المحتاج في شرح المنهاج وحواشي الشرواني والعبادي - المجلد 1 (الجزء 10 من 22),ابن حجر الهيتمي,974,تحفة_المحتاج_في_شرح_المنهاج_وحواشي_الشرواني_والعبادي_Part_10.md
الفقه الشافعي,تحفة المحتاج في شرح المنهاج وحواشي الشرواني والعبادي - المجلد 1 (الجزء 11 من 22),ابن حجر الهيتمي,974,تحفة_المحتاج_في_شرح_المنهاج_وحواشي_الشرواني_والعبادي_Part_11.md
الفقه الشافعي,تحفة المحتاج في شرح المنهاج وحواشي الشرواني والعبادي - المجلد 1 (الجزء 12 من 22),ابن حجر الهيتمي,974,تحفة_المحتاج_في_شرح_المنهاج_وحواشي_الشرواني_والعبادي_Part_12.md
الفقه الشافعي,تحفة المحتاج في شرح المنهاج وحواشي الشرواني والعبادي - المجلد 1 (الجزء 13 من 22),ابن حجر الهيتمي,974,تحفة_المحتاج_في_شرح_المنهاج_وحواشي_الشرواني_والعبادي_Part_13.md
الفقه الشافعي,تحفة المحتاج في شرح المنهاج وحواشي الشرواني والعبادي - المجلد 1 (الجزء 14 من 22),ابن حجر الهيتمي,974,تحفة_المحتاج_في_شرح_المنهاج_وحواشي_الشرواني_والعبادي_Part_14.md
الفقه الشافعي,تحفة المحتاج في شرح المنهاج وحواشي الشرواني والعبادي - المجلد 1 (الجزء 15 من 22),ابن حجر الهيتمي,974,تحفة_المحتاج_في_شرح_المنهاج_وحواشي_الشرواني_والعبادي_Part_15.md
الفقه الشافعي,تحفة المحتاج في شرح المنهاج وحواشي الشرواني والعبادي - المجلد 1 (الجزء 16 من 22),ابن حجر الهيتمي,974,تحفة_المحتاج_في_شرح_المنهاج_وحواشي_الشرواني_والعبادي_Part_16.md
الفقه الشافعي,تحفة المحتاج في شرح المنهاج وحواشي الشرواني والعبادي - المجلد 1 (الجزء 17 من 22),ابن حجر الهيتمي,974,تحفة_المحتاج_في_شرح_المنهاج_وحواشي_الشرواني_والعبادي_Part_17.md
الفقه الشافعي,تحفة المحتاج في شرح المنهاج وحواشي الشرواني والعبادي - المجلد 1 (الجزء 18 من 22),ابن حجر الهيتمي,974,تحفة_المحتاج_في_شرح_المنهاج_وحواشي_الشرواني_والعبادي_Part_18.md
الفقه الشافعي,تحفة المحتاج في شرح المنهاج وحواشي الشرواني والعبادي - المجلد 1 (الجزء 19 من 22),ابن حجر الهيتمي,974,تحفة_المحتاج_في_شرح_المنهاج_وحواشي_الشرواني_والعبادي_Part_19.md
الفقه الشافعي,تحفة المحتاج في شرح المنهاج وحواشي الشرواني والعبادي - المجلد 1 (الجزء 20 من 22),ابن حجر الهيتمي,974,تحفة_المحتاج_في_شرح_المنهاج_وحواشي_الشرواني_والعبادي_Part_20.md
الفقه الشافعي,تحفة المحتاج في شرح المنهاج وحواشي الشرواني والعبادي - المجلد 1 (الجزء 21 من 22),ابن حجر الهيتمي,974,تحفة_المحتاج_في_شرح_المنهاج_وحواشي_الشرواني_والعبادي_Part_21.md
الفقه الشافعي,تحفة المحتاج في شرح المنهاج وحواشي الشرواني والعبادي - المجلد 1 (الجزء 22 من 22),ابن حجر الهيتمي,974,تحفة_المحتاج_في_شرح_المنهاج_وحواشي_الشرواني_والعبادي_Part_22.md
الفقه الشافعي,ترشيح التوشيح وتوضيح الترجيح,تاج الدين ابن السبكي,771,ترشيح_التوشيح_وتوضيح_الترجيح.md
الفقه الشافعي,تكملة السبكي على المجموع شرح المهذب - ط التضامن - المجلد 1 (الجزء 1 من 2),تقي الدين السبكي,756,تكملة_السبكي_على_المجموع_شرح_المهذب_-_ط_التضامن_Part_01.md
الفقه الشافعي,تكملة السبكي على المجموع شرح المهذب - ط التضامن - المجلد 1 (الجزء 2 من 2),تقي الدين السبكي,756,تكملة_السبكي_على_المجموع_شرح_المهذب_-_ط_التضامن_Part_02.md
الفقه الشافعي,تكملة السبكي على المجموع شرح المهذب - قطعة جديدة - المجلد 1 (الجزء 1 من 2),تقي الدين السبكي,756,تكملة_السبكي_على_المجموع_شرح_المهذب_-_قطعة_جديدة_Part_01.md
الفقه الشافعي,تكملة السبكي على المجموع شرح المهذب - قطعة جديدة - المجلد 1 (الجزء 2 من 2),تقي الدين السبكي,756,تكملة_السبكي_على_المجموع_شرح_المهذب_-_قطعة_جديدة_Part_02.md
الفقه الشافعي,تكملة المطيعي على المجموع شرح المهذب - ط السلفية - المجلد 1 (الجزء 1 من 6),محمد نجيب المطيعي,غير مذكور,تكملة_المطيعي_على_المجموع_شرح_المهذب_-_ط_السلفية_Part_01.md
الفقه الشافعي,تكملة المطيعي على المجموع شرح المهذب - ط السلفية - المجلد 1 (الجزء 2 من 6),محمد نجيب المطيعي,غير مذكور,تكملة_المطيعي_على_المجموع_شرح_المهذب_-_ط_السلفية_Part_02.md
الفقه الشافعي,تكملة المطيعي على المجموع شرح المهذب - ط السلفية - المجلد 1 (الجزء 3 من 6),محمد نجيب المطيعي,غير مذكور,تكملة_المطيعي_على_المجموع_شرح_المهذب_-_ط_السلفية_Part_03.md
الفقه الشافعي,تكملة المطيعي على المجموع شرح المهذب - ط السلفية - المجلد 1 (الجزء 4 من 6),محمد نجيب المطيعي,غير مذكور,تكملة_المطيعي_على_المجموع_شرح_المهذب_-_ط_السلفية_Part_04.md
الفقه الشافعي,تكملة المطيعي على المجموع شرح المهذب - ط السلفية - المجلد 1 (الجزء 5 من 6),محمد نجيب المطيعي,غير مذكور,تكملة_المطيعي_على_المجموع_شرح_المهذب_-_ط_السلفية_Part_05.md
الفقه الشافعي,تكملة المطيعي على المجموع شرح المهذب - ط السلفية - المجلد 1 (الجزء 6 من 6),محمد نجيب المطيعي,غير مذكور,تكملة_المطيعي_على_المجموع_شرح_المهذب_-_ط_السلفية_Part_06.md
الفقه الشافعي,جواهر العقود ومعين القضاة والموقعين والشهود - المجلد 1 (الجزء 1 من 2),المنهاجي الأسيوطي,غير مذكور,جواهر_العقود_ومعين_القضاة_والموقعين_والشهود_Part_01.md
الفقه الشافعي,جواهر العقود ومعين القضاة والموقعين والشهود - المجلد 1 (الجزء 2 من 2),المنهاجي الأسيوطي,غير مذكور,جواهر_العقود_ومعين_القضاة_والموقعين_والشهود_Part_02.md
الفقه الشافعي,حاشية البجيرمي على الخطيب = تحفة الحبيب على شرح الخطيب - المجلد 1 (الجزء 1 من 7),البجيرمي,غير مذكور,حاشية_البجيرمي_على_الخطيب_=_تحفة_الحبيب_على_شرح_الخطيب_Part_01.md
الفقه الشافعي,حاشية البجيرمي على الخطيب = تحفة الحبيب على شرح الخطيب - المجلد 1 (الجزء 2 من 7),البجيرمي,غير مذكور,حاشية_البجيرمي_على_الخطيب_=_تحفة_الحبيب_على_شرح_الخطيب_Part_02.md
الفقه الشافعي,حاشية البجيرمي على الخطيب = تحفة الحبيب على شرح الخطيب - المجلد 1 (الجزء 3 من 7),البجيرمي,غير مذكور,حاشية_البجيرمي_على_الخطيب_=_تحفة_الحبيب_على_شرح_الخطيب_Part_03.md
الفقه الشافعي,حاشية البجيرمي على الخطيب = تحفة الحبيب على شرح الخطيب - المجلد 1 (الجزء 4 من 7),البجيرمي,غير مذكور,حاشية_البجيرمي_على_الخطيب_=_تحفة_الحبيب_على_شرح_الخطيب_Part_04.md
الفقه الشافعي,حاشية البجيرمي على الخطيب = تحفة الحبيب على شرح الخطيب - المجلد 1 (الجزء 5 من 7),البجيرمي,غير مذكور,حاشية_البجيرمي_على_الخطيب_=_تحفة_الحبيب_على_شرح_الخطيب_Part_05.md
الفقه الشافعي,حاشية البجيرمي على الخطيب = تحفة الحبيب على شرح الخطيب - المجلد 1 (الجزء 6 من 7),البجيرمي,غير مذكور,حاشية_البجيرمي_على_الخطيب_=_تحفة_الحبيب_على_شرح_الخطيب_Part_06.md
الفقه الشافعي,حاشية البجيرمي على الخطيب = تحفة الحبيب على شرح الخطيب - المجلد 1 (الجزء 7 من 7),البجيرمي,غير مذكور,حاشية_البجيرمي_على_الخطيب_=_تحفة_الحبيب_على_شرح_الخطيب_Part_07.md
الفقه الشافعي,حاشية البجيرمي على شرح المنهج = التجريد لنفع العبيد - المجلد 1 (الجزء 1 من 8),البجيرمي,غير مذكور,حاشية_البجيرمي_على_شرح_المنهج_=_التجريد_لنفع_العبيد_Part_01.md
الفقه الشافعي,حاشية البجيرمي على شرح المنهج = التجريد لنفع العبيد - المجلد 1 (الجزء 2 من 8),البجيرمي,غير مذكور,حاشية_البجيرمي_على_شرح_المنهج_=_التجريد_لنفع_العبيد_Part_02.md
الفقه الشافعي,حاشية البجيرمي على شرح المنهج = التجريد لنفع العبيد - المجلد 1 (الجزء 3 من 8),البجيرمي,غير مذكور,حاشية_البجيرمي_على_شرح_المنهج_=_التجريد_لنفع_العبيد_Part_03.md
الفقه الشافعي,حاشية البجيرمي على شرح المنهج = التجريد لنفع العبيد - المجلد 1 (الجزء 4 من 8),البجيرمي,غير مذكور,حاشية_البجيرمي_على_شرح_المنهج_=_التجريد_لنفع_العبيد_Part_04.md
الفقه الشافعي,حاشية البجيرمي على شرح المنهج = التجريد لنفع العبيد - المجلد 1 (الجزء 5 من 8),البجيرمي,غير مذكور,حاشية_البجيرمي_على_شرح_المنهج_=_التجريد_لنفع_العبيد_Part_05.md
الفقه الشافعي,حاشية البجيرمي على شرح المنهج = التجريد لنفع العبيد - المجلد 1 (الجزء 6 من 8),البجيرمي,غير مذكور,حاشية_البجيرمي_على_شرح_المنهج_=_التجريد_لنفع_العبيد_Part_06.md
الفقه الشافعي,حاشية البجيرمي على شرح المنهج = التجريد لنفع العبيد - المجلد 1 (الجزء 7 من 8),البجيرمي,غير مذكور,حاشية_البجيرمي_على_شرح_المنهج_=_التجريد_لنفع_العبيد_Part_07.md
الفقه الشافعي,حاشية البجيرمي على شرح المنهج = التجريد لنفع العبيد - المجلد 1 (الجزء 8 من 8),البجيرمي,غير مذكور,حاشية_البجيرمي_على_شرح_المنهج_=_التجريد_لنفع_العبيد_Part_08.md
الفقه الشافعي,حاشية الجمل على شرح المنهج = فتوحات الوهاب بتوضيح شرح منهج الطلاب - المجلد 1 (الجزء 1 من 12),الجمل,غير مذكور,حاشية_الجمل_على_شرح_المنهج_=_فتوحات_الوهاب_بتوضيح_شرح_منهج_الطلاب_Part_01.md
الفقه الشافعي,حاشية الجمل على شرح المنهج = فتوحات الوهاب بتوضيح شرح منهج الطلاب - المجلد 1 (الجزء 2 من 12),الجمل,غير مذكور,حاشية_الجمل_على_شرح_المنهج_=_فتوحات_الوهاب_بتوضيح_شرح_منهج_الطلاب_Part_02.md
الفقه الشافعي,حاشية الجمل على شرح المنهج = فتوحات الوهاب بتوضيح شرح منهج الطلاب - المجلد 1 (الجزء 3 من 12),الجمل,غير مذكور,حاشية_الجمل_على_شرح_المنهج_=_فتوحات_الوهاب_بتوضيح_شرح_منهج_الطلاب_Part_03.md
الفقه الشافعي,حاشية الجمل على شرح المنهج = فتوحات الوهاب بتوضيح شرح منهج الطلاب - المجلد 1 (الجزء 4 من 12),الجمل,غير مذكور,حاشية_الجمل_على_شرح_المنهج_=_فتوحات_الوهاب_بتوضيح_شرح_منهج_الطلاب_Part_04.md
الفقه الشافعي,حاشية الجمل على شرح المنهج = فتوحات الوهاب بتوضيح شرح منهج الطلاب - المجلد 1 (الجزء 5 من 12),الجمل,غير مذكور,حاشية_الجمل_على_شرح_المنهج_=_فتوحات_الوهاب_بتوضيح_شرح_منهج_الطلاب_Part_05.md
الفقه الشافعي,حاشية الجمل على شرح المنهج = فتوحات الوهاب بتوضيح شرح منهج الطلاب - المجلد 1 (الجزء 6 من 12),الجمل,غير مذكور,حاشية_الجمل_على_شرح_المنهج_=_فتوحات_الوهاب_بتوضيح_شرح_منهج_الطلاب_Part_06.md
الفقه الشافعي,حاشية الجمل على شرح المنهج = فتوحات الوهاب بتوضيح شرح منهج الطلاب - المجلد 1 (الجزء 7 من 12),الجمل,غير مذكور,حاشية_الجمل_على_شرح_المنهج_=_فتوحات_الوهاب_بتوضيح_شرح_منهج_الطلاب_Part_07.md
الفقه الشافعي,حاشية الجمل على شرح المنهج = فتوحات الوهاب بتوضيح شرح منهج الطلاب - المجلد 1 (الجزء 8 من 12),الجمل,غير مذكور,حاشية_الجمل_على_شرح_المنهج_=_فتوحات_الوهاب_بتوضيح_شرح_منهج_الطلاب_Part_08.md
الفقه الشافعي,حاشية الجمل على شرح المنهج = فتوحات الوهاب بتوضيح شرح منهج الطلاب - المجلد 1 (الجزء 9 من 12),الجمل,غير مذكور,حاشية_الجمل_على_شرح_المنهج_=_فتوحات_الوهاب_بتوضيح_شرح_منهج_الطلاب_Part_09.md
الفقه الشافعي,حاشية الجمل على شرح المنهج = فتوحات الوهاب بتوضيح شرح منهج الطلاب - المجلد 1 (الجزء 10 من 12),الجمل,غير مذكور,حاشية_الجمل_على_شرح_المنهج_=_فتوحات_الوهاب_بتوضيح_شرح_منهج_الطلاب_Part_10.md
الفقه الشافعي,حاشية الجمل على شرح المنهج = فتوحات الوهاب بتوضيح شرح منهج الطلاب - المجلد 1 (الجزء 11 من 12),الجمل,غير مذكور,حاشية_الجمل_على_شرح_المنهج_=_فتوحات_الوهاب_بتوضيح_شرح_منهج_الطلاب_Part_11.md
الفقه الشافعي,حاشية الجمل على شرح المنهج = فتوحات الوهاب بتوضيح شرح منهج الطلاب - المجلد 1 (الجزء 12 من 12),الجمل,غير مذكور,حاشية_الجمل_على_شرح_المنهج_=_فتوحات_الوهاب_بتوضيح_شرح_منهج_الطلاب_Part_12.md
الفقه الشافعي,حاشيتا قليوبي وعميرة - المجلد 1 (الجزء 1 من 7),القليوبي,غير مذكور,حاشيتا_قليوبي_وعميرة_Part_01.md
الفقه الشافعي,حاشيتا قليوبي وعميرة - المجلد 1 (الجزء 2 من 7),القليوبي,غير مذكور,حاشيتا_قليوبي_وعميرة_Part_02.md
الفقه الشافعي,حاشيتا قليوبي وعميرة - المجلد 1 (الجزء 3 من 7),القليوبي,غير مذكور,حاشيتا_قليوبي_وعميرة_Part_03.md
الفقه الشافعي,حاشيتا قليوبي وعميرة - المجلد 1 (الجزء 4 من 7),القليوبي,غير مذكور,حاشيتا_قليوبي_وعميرة_Part_04.md
الفقه الشافعي,حاشيتا قليوبي وعميرة - المجلد 1 (الجزء 5 من 7),القليوبي,غير مذكور,حاشيتا_قليوبي_وعميرة_Part_05.md
الفقه الشافعي,حاشيتا قليوبي وعميرة - المجلد 1 (الجزء 6 من 7),القليوبي,غير مذكور,حاشيتا_قليوبي_وعميرة_Part_06.md
الفقه الشافعي,حاشيتا قليوبي وعميرة - المجلد 1 (الجزء 7 من 7),القليوبي,غير مذكور,حاشيتا_قليوبي_وعميرة_Part_07.md
الفقه الشافعي,حلية العلماء في معرفة مذاهب الفقهاء - أجزاء منه,الشاشي، أبو بكر,507,حلية_العلماء_في_معرفة_مذاهب_الفقهاء_-_أجزاء_منه.md
الفقه الشافعي,حلية العلماء في معرفة مذاهب الفقهاء - ط الرسالة الحديثة - المجلد 1 (الجزء 1 من 2),الشاشي، أبو بكر,507,حلية_العلماء_في_معرفة_مذاهب_الفقهاء_-_ط_الرسالة_الحديثة_Part_01.md
الفقه الشافعي,حلية العلماء في معرفة مذاهب الفقهاء - ط الرسالة الحديثة - المجلد 1 (الجزء 2 من 2),الشاشي، أبو بكر,507,حلية_العلماء_في_معرفة_مذاهب_الفقهاء_-_ط_الرسالة_الحديثة_Part_02.md
الفقه الشافعي,خبايا الزوايا,بدر الدين الزركشي,794,خبايا_الزوايا.md
الفقه الشافعي,دقائق المنهاج,النووي,676,دقائق_المنهاج.md
الفقه الشافعي,روضة الطالبين وعمدة المفتين - المجلد 1 (الجزء 1 من 6),النووي,676,روضة_الطالبين_وعمدة_المفتين_Part_01.md
الفقه الشافعي,روضة الطالبين وعمدة المفتين - المجلد 1 (الجزء 2 من 6),النووي,676,روضة_الطالبين_وعمدة_المفتين_Part_02.md
الفقه الشافعي,روضة الطالبين وعمدة المفتين - المجلد 1 (الجزء 3 من 6),النووي,676,روضة_الطالبين_وعمدة_المفتين_Part_03.md
الفقه الشافعي,روضة الطالبين وعمدة المفتين - المجلد 1 (الجزء 4 من 6),النووي,676,روضة_الطالبين_وعمدة_المفتين_Part_04.md
الفقه الشافعي,روضة الطالبين وعمدة المفتين - المجلد 1 (الجزء 5 من 6),النووي,676,روضة_الطالبين_وعمدة_المفتين_Part_05.md
الفقه الشافعي,روضة الطالبين وعمدة المفتين - المجلد 1 (الجزء 6 من 6),النووي,676,روضة_الطالبين_وعمدة_المفتين_Part_06.md
الفقه الشافعي,شرح الرحبية للحازمي,أحمد بن عمر الحازمي,غير مذكور,شرح_الرحبية_للحازمي.md
الفقه الشافعي,شرح المقدمة الحضرمية المسمى بشرى الكريم بشرح مسائل التعليم,سعيد باعشن,1270,شرح_المقدمة_الحضرمية_المسمى_بشرى_الكريم_بشرح_مسائل_التعليم.md
الفقه الشافعي,شرح كتاب الحج من نهاية التدريب في نظم غاية التقريب للعمريطي,محمد محيي الدين حمادة,غير مذكور,شرح_كتاب_الحج_من_نهاية_التدريب_في_نظم_غاية_التقريب_للعمريطي.md
الفقه الشافعي,شرح متن أبي شجاع - محمد حسن عبد الغفار,محمد حسن عبد الغفار,غير مذكور,شرح_متن_أبي_شجاع_-_محمد_حسن_عبد_الغفار.md
الفقه الشافعي,شرح مشكل الوسيط - المجلد 1 (الجزء 1 من 2),ابن الصلاح,643,شرح_مشكل_الوسيط_Part_01.md
الفقه الشافعي,شرح مشكل الوسيط - المجلد 1 (الجزء 2 من 2),ابن الصلاح,643,شرح_مشكل_الوسيط_Part_02.md
الفقه الشافعي,عجالة المحتاج إلى توجيه المنهاج - المجلد 1 (الجزء 1 من 3),ابن الملقن,804,عجالة_المحتاج_إلى_توجيه_المنهاج_Part_01.md
الفقه الشافعي,عجالة المحتاج إلى توجيه المنهاج - المجلد 1 (الجزء 2 من 3),ابن الملقن,804,عجالة_المحتاج_إلى_توجيه_المنهاج_Part_02.md
الفقه الشافعي,عجالة المحتاج إلى توجيه المنهاج - المجلد 1 (الجزء 3 من 3),ابن الملقن,804,عجالة_المحتاج_إلى_توجيه_المنهاج_Part_03.md
الفقه الشافعي,عمدة السالك وعدة الناسك,ابن النقيب,769,عمدة_السالك_وعدة_الناسك.md
الفقه الشافعي,غاية البيان شرح زبد ابن رسلان,شمس الدين الرملي,1004,غاية_البيان_شرح_زبد_ابن_رسلان.md
الفقه الشافعي,فتاوى ابن الصلاح,ابن الصلاح,643,فتاوى_ابن_الصلاح.md
الفقه الشافعي,فتاوى الرملي - المجلد 1 (الجزء 1 من 2),شهاب الدين الرملي,غير مذكور,فتاوى_الرملي_Part_01.md
الفقه الشافعي,فتاوى الرملي - المجلد 1 (الجزء 2 من 2),شهاب الدين الرملي,غير مذكور,فتاوى_الرملي_Part_02.md
الفقه الشافعي,فتاوى السبكي - المجلد 1 (الجزء 1 من 3),تقي الدين السبكي,756,فتاوى_السبكي_Part_01.md
الفقه الشافعي,فتاوى السبكي - المجلد 1 (الجزء 2 من 3),تقي الدين السبكي,756,فتاوى_السبكي_Part_02.md
الفقه الشافعي,فتاوى السبكي - المجلد 1 (الجزء 3 من 3),تقي الدين السبكي,756,فتاوى_السبكي_Part_03.md
الفقه الشافعي,فتاوى النووي,النووي,676,فتاوى_النووي.md
الفقه الشافعي,فتاوي الخليلي على المذهب الشافعي - المجلد 1 (الجزء 1 من 2),محمد الخليلي,غير مذكور,فتاوي_الخليلي_على_المذهب_الشافعي_Part_01.md
الفقه الشافعي,فتاوي الخليلي على المذهب الشافعي - المجلد 1 (الجزء 2 من 2),محمد الخليلي,غير مذكور,فتاوي_الخليلي_على_المذهب_الشافعي_Part_02.md
الفقه الشافعي,فتح الرحمن بشرح زبد ابن رسلان - المجلد 1 (الجزء 1 من 2),شهاب الدين الرملي,غير مذكور,فتح_الرحمن_بشرح_زبد_ابن_رسلان_Part_01.md
الفقه الشافعي,فتح الرحمن بشرح زبد ابن رسلان - المجلد 1 (الجزء 2 من 2),شهاب الدين الرملي,غير مذكور,فتح_الرحمن_بشرح_زبد_ابن_رسلان_Part_02.md
الفقه الشافعي,فتح العزيز بشرح الوجيز = الشرح الكبير للرافعي - المجلد 1 (الجزء 1 من 5),الرافعي,غير مذكور,فتح_العزيز_بشرح_الوجيز_=_الشرح_الكبير_للرافعي_Part_01.md
الفقه الشافعي,فتح العزيز بشرح الوجيز = الشرح الكبير للرافعي - المجلد 1 (الجزء 2 من 5),الرافعي,غير مذكور,فتح_العزيز_بشرح_الوجيز_=_الشرح_الكبير_للرافعي_Part_02.md
الفقه الشافعي,فتح العزيز بشرح الوجيز = الشرح الكبير للرافعي - المجلد 1 (الجزء 3 من 5),الرافعي,غير مذكور,فتح_العزيز_بشرح_الوجيز_=_الشرح_الكبير_للرافعي_Part_03.md
الفقه الشافعي,فتح العزيز بشرح الوجيز = الشرح الكبير للرافعي - المجلد 1 (الجزء 4 من 5),الرافعي,غير مذكور,فتح_العزيز_بشرح_الوجيز_=_الشرح_الكبير_للرافعي_Part_04.md
الفقه الشافعي,فتح العزيز بشرح الوجيز = الشرح الكبير للرافعي - المجلد 1 (الجزء 5 من 5),الرافعي,غير مذكور,فتح_العزيز_بشرح_الوجيز_=_الشرح_الكبير_للرافعي_Part_05.md
الفقه الشافعي,فتح القريب المجيب في شرح ألفاظ التقريب = القول المختار في شرح غاية الاختصار,محمد بن قاسم الغزي,918,فتح_القريب_المجيب_في_شرح_ألفاظ_التقريب_=_القول_المختار_في_شرح_غاية_الاختصار.md
الفقه الشافعي,فتح المعين بشرح قرة العين بمهمات الدين,زين الدين المعبري,987,فتح_المعين_بشرح_قرة_العين_بمهمات_الدين.md
الفقه الشافعي,فتح الوهاب بشرح منهج الطلاب - المجلد 1 (الجزء 1 من 3),زكريا الأنصاري,926,فتح_الوهاب_بشرح_منهج_الطلاب_Part_01.md
الفقه الشافعي,فتح الوهاب بشرح منهج الطلاب - المجلد 1 (الجزء 2 من 3),زكريا الأنصاري,926,فتح_الوهاب_بشرح_منهج_الطلاب_Part_02.md
الفقه الشافعي,فتح الوهاب بشرح منهج الطلاب - المجلد 1 (الجزء 3 من 3),زكريا الأنصاري,926,فتح_الوهاب_بشرح_منهج_الطلاب_Part_03.md
الفقه الشافعي,فقه العبادات على المذهب الشافعي,درية العيطة,1437,فقه_العبادات_على_المذهب_الشافعي.md
الفقه الشافعي,قضاء الأرب في أسئلة حلب,تقي الدين السبكي,756,قضاء_الأرب_في_أسئلة_حلب.md
الفقه الشافعي,كتاب الأمر والنهي على معنى الشافعي,المزني,264,كتاب_الأمر_والنهي_على_معنى_الشافعي.md
الفقه الشافعي,كفاية الأخيار في حل غاية الاختصار,تقي الدين الحصني,829,كفاية_الأخيار_في_حل_غاية_الاختصار.md
الفقه الشافعي,كفاية النبيه في شرح التنبيه - المجلد 1 (الجزء 1 من 12),ابن الرفعة,غير مذكور,كفاية_النبيه_في_شرح_التنبيه_Part_01.md
الفقه الشافعي,كفاية النبيه في شرح التنبيه - المجلد 1 (الجزء 2 من 12),ابن الرفعة,غير مذكور,كفاية_النبيه_في_شرح_التنبيه_Part_02.md
الفقه الشافعي,كفاية النبيه في شرح التنبيه - المجلد 1 (الجزء 3 من 12),ابن الرفعة,غير مذكور,كفاية_النبيه_في_شرح_التنبيه_Part_03.md
الفقه الشافعي,كفاية النبيه في شرح التنبيه - المجلد 1 (الجزء 4 من 12),ابن الرفعة,غير مذكور,كفاية_النبيه_في_شرح_التنبيه_Part_04.md
الفقه الشافعي,كفاية النبيه في شرح التنبيه - المجلد 1 (الجزء 5 من 12),ابن الرفعة,غير مذكور,كفاية_النبيه_في_شرح_التنبيه_Part_05.md
الفقه الشافعي,كفاية النبيه في شرح التنبيه - المجلد 1 (الجزء 6 من 12),ابن الرفعة,غير مذكور,كفاية_النبيه_في_شرح_التنبيه_Part_06.md
الفقه الشافعي,كفاية النبيه في شرح التنبيه - المجلد 1 (الجزء 7 من 12),ابن الرفعة,غير مذكور,كفاية_النبيه_في_شرح_التنبيه_Part_07.md
الفقه الشافعي,كفاية النبيه في شرح التنبيه - المجلد 1 (الجزء 8 من 12),ابن الرفعة,غير مذكور,كفاية_النبيه_في_شرح_التنبيه_Part_08.md
الفقه الشافعي,كفاية النبيه في شرح التنبيه - المجلد 1 (الجزء 9 من 12),ابن الرفعة,غير مذكور,كفاية_النبيه_في_شرح_التنبيه_Part_09.md
الفقه الشافعي,كفاية النبيه في شرح التنبيه - المجلد 1 (الجزء 10 من 12),ابن الرفعة,غير مذكور,كفاية_النبيه_في_شرح_التنبيه_Part_10.md
الفقه الشافعي,كفاية النبيه في شرح التنبيه - المجلد 1 (الجزء 11 من 12),ابن الرفعة,غير مذكور,كفاية_النبيه_في_شرح_التنبيه_Part_11.md
الفقه الشافعي,كفاية النبيه في شرح التنبيه - المجلد 1 (الجزء 12 من 12),ابن الرفعة,غير مذكور,كفاية_النبيه_في_شرح_التنبيه_Part_12.md
الفقه الشافعي,متن أبي شجاع المسمى الغاية والتقريب,أبو شجاع,593,متن_أبي_شجاع_المسمى_الغاية_والتقريب.md
الفقه الشافعي,مختصر الخلافيات للبيهقي - المجلد 1 (الجزء 1 من 2),ابن فرح,غير مذكور,مختصر_الخلافيات_للبيهقي_Part_01.md
الفقه الشافعي,مختصر الخلافيات للبيهقي - المجلد 1 (الجزء 2 من 2),ابن فرح,غير مذكور,مختصر_الخلافيات_للبيهقي_Part_02.md
الفقه الشافعي,مختصر المزني - ت الداغستاني,المزني,264,مختصر_المزني_-_ت_الداغستاني.md
الفقه الشافعي,مختصر المزني - ط الفكر بآخر كتاب الأم,المزني,264,مختصر_المزني_-_ط_الفكر_بآخر_كتاب_الأم.md
الفقه الشافعي,مختصر تحفة المحتاج بشرح المنهاج - المجلد 1 (الجزء 1 من 4),مصطفى سميط,غير مذكور,مختصر_تحفة_المحتاج_بشرح_المنهاج_Part_01.md
الفقه الشافعي,مختصر تحفة المحتاج بشرح المنهاج - المجلد 1 (الجزء 2 من 4),مصطفى سميط,غير مذكور,مختصر_تحفة_المحتاج_بشرح_المنهاج_Part_02.md
الفقه الشافعي,مختصر تحفة المحتاج بشرح المنهاج - المجلد 1 (الجزء 3 من 4),مصطفى سميط,غير مذكور,مختصر_تحفة_المحتاج_بشرح_المنهاج_Part_03.md
الفقه الشافعي,مختصر تحفة المحتاج بشرح المنهاج - المجلد 1 (الجزء 4 من 4),مصطفى سميط,غير مذكور,مختصر_تحفة_المحتاج_بشرح_المنهاج_Part_04.md
الفقه الشافعي,مغني المحتاج إلى معرفة معاني ألفاظ المنهاج - المجلد 1 (الجزء 1 من 7),الخطيب الشربيني,غير مذكور,مغني_المحتاج_إلى_معرفة_معاني_ألفاظ_المنهاج_Part_01.md
الفقه الشافعي,مغني المحتاج إلى معرفة معاني ألفاظ المنهاج - المجلد 1 (الجزء 2 من 7),الخطيب الشربيني,غير مذكور,مغني_المحتاج_إلى_معرفة_معاني_ألفاظ_المنهاج_Part_02.md
الفقه الشافعي,مغني المحتاج إلى معرفة معاني ألفاظ المنهاج - المجلد 1 (الجزء 3 من 7),الخطيب الشربيني,غير مذكور,مغني_المحتاج_إلى_معرفة_معاني_ألفاظ_المنهاج_Part_03.md
الفقه الشافعي,مغني المحتاج إلى معرفة معاني ألفاظ المنهاج - المجلد 1 (الجزء 4 من 7),الخطيب الشربيني,غير مذكور,مغني_المحتاج_إلى_معرفة_معاني_ألفاظ_المنهاج_Part_04.md
الفقه الشافعي,مغني المحتاج إلى معرفة معاني ألفاظ المنهاج - المجلد 1 (الجزء 5 من 7),الخطيب الشربيني,غير مذكور,مغني_المحتاج_إلى_معرفة_معاني_ألفاظ_المنهاج_Part_05.md
الفقه الشافعي,مغني المحتاج إلى معرفة معاني ألفاظ المنهاج - المجلد 1 (الجزء 6 من 7),الخطيب الشربيني,غير مذكور,مغني_المحتاج_إلى_معرفة_معاني_ألفاظ_المنهاج_Part_06.md
الفقه الشافعي,مغني المحتاج إلى معرفة معاني ألفاظ المنهاج - المجلد 1 (الجزء 7 من 7),الخطيب الشربيني,غير مذكور,مغني_المحتاج_إلى_معرفة_معاني_ألفاظ_المنهاج_Part_07.md
الفقه الشافعي,منظومة البهجة الوردية - ضمن مجموع «الرفعة»,ابن الوردي الجد، زين الدين,749,منظومة_البهجة_الوردية_-_ضمن_مجموع_«الرفعة».md
الفقه الشافعي,منهاج الطالبين وعمدة المفتين في الفقه,النووي,676,منهاج_الطالبين_وعمدة_المفتين_في_الفقه.md
الفقه الشافعي,منهج الطلاب في فقه الإمام الشافعي رضي الله عنه,زكريا الأنصاري,926,منهج_الطلاب_في_فقه_الإمام_الشافعي_رضي_الله_عنه.md
الفقه الشافعي,نهاية الإقدام في مآخذ الأحكام,شهاب الدين الزنجاني,656,نهاية_الإقدام_في_مآخذ_الأحكام.md
الفقه الشافعي,نهاية التدريب نظم غاية التقريب - ت جراد,العمريطي,1003,نهاية_التدريب_نظم_غاية_التقريب_-_ت_جراد.md
الفقه الشافعي,نهاية الزين,نووي الجاوي,1316,نهاية_الزين.md
الفقه الشافعي,نهاية المحتاج إلى شرح المنهاج - المجلد 1 (الجزء 1 من 13),شمس الدين الرملي,1004,نهاية_المحتاج_إلى_شرح_المنهاج_Part_01.md
الفقه الشافعي,نهاية المحتاج إلى شرح المنهاج - المجلد 1 (الجزء 2 من 13),شمس الدين الرملي,1004,نهاية_المحتاج_إلى_شرح_المنهاج_Part_02.md
الفقه الشافعي,نهاية المحتاج إلى شرح المنهاج - المجلد 1 (الجزء 3 من 13),شمس الدين الرملي,1004,نهاية_المحتاج_إلى_شرح_المنهاج_Part_03.md
الفقه الشافعي,نهاية المحتاج إلى شرح المنهاج - المجلد 1 (الجزء 4 من 13),شمس الدين الرملي,1004,نهاية_المحتاج_إلى_شرح_المنهاج_Part_04.md
الفقه الشافعي,نهاية المحتاج إلى شرح المنهاج - المجلد 1 (الجزء 5 من 13),شمس الدين الرملي,1004,نهاية_المحتاج_إلى_شرح_المنهاج_Part_05.md
الفقه الشافعي,نهاية المحتاج إلى شرح المنهاج - المجلد 1 (الجزء 6 من 13),شمس الدين الرملي,1004,نهاية_المحتاج_إلى_شرح_المنهاج_Part_06.md
الفقه الشافعي,نهاية المحتاج إلى شرح المنهاج - المجلد 1 (الجزء 7 من 13),شمس الدين الرملي,1004,نهاية_المحتاج_إلى_شرح_المنهاج_Part_07.md
الفقه الشافعي,نهاية المحتاج إلى شرح المنهاج - المجلد 1 (الجزء 8 من 13),شمس الدين الرملي,1004,نهاية_المحتاج_إلى_شرح_المنهاج_Part_08.md
الفقه الشافعي,نهاية المحتاج إلى شرح المنهاج - المجلد 1 (الجزء 9 من 13),شمس الدين الرملي,1004,نهاية_المحتاج_إلى_شرح_المنهاج_Part_09.md
الفقه الشافعي,نهاية المحتاج إلى شرح المنهاج - المجلد 1 (الجزء 10 من 13),شمس الدين الرملي,1004,نهاية_المحتاج_إلى_شرح_المنهاج_Part_10.md
الفقه الشافعي,نهاية المحتاج إلى شرح المنهاج - المجلد 1 (الجزء 11 من 13),شمس الدين الرملي,1004,نهاية_المحتاج_إلى_شرح_المنهاج_Part_11.md
الفقه الشافعي,نهاية المحتاج إلى شرح المنهاج - المجلد 1 (الجزء 12 من 13),شمس الدين الرملي,1004,نهاية_المحتاج_إلى_شرح_المنهاج_Part_12.md
الفقه الشافعي,نهاية المحتاج إلى شرح المنهاج - المجلد 1 (الجزء 13 من 13),شمس الدين الرملي,1004,نهاية_المحتاج_إلى_شرح_المنهاج_Part_13.md
الفقه الشافعي,نهاية المطلب في دراية المذهب - المجلد 1 (الجزء 1 من 13),الجويني، أبو المعالي,غير مذكور,نهاية_المطلب_في_دراية_المذهب_Part_01.md
الفقه الشافعي,نهاية المطلب في دراية المذهب - المجلد 1 (الجزء 2 من 13),الجويني، أبو المعالي,غير مذكور,نهاية_المطلب_في_دراية_المذهب_Part_02.md
الفقه الشافعي,نهاية المطلب في دراية المذهب - المجلد 1 (الجزء 3 من 13),الجويني، أبو المعالي,غير مذكور,نهاية_المطلب_في_دراية_المذهب_Part_03.md
الفقه الشافعي,نهاية المطلب في دراية المذهب - المجلد 1 (الجزء 4 من 13),الجويني، أبو المعالي,غير مذكور,نهاية_المطلب_في_دراية_المذهب_Part_04.md
الفقه الشافعي,نهاية المطلب في دراية المذهب - المجلد 1 (الجزء 5 من 13),الجويني، أبو المعالي,غير مذكور,نهاية_المطلب_في_دراية_المذهب_Part_05.md
الفقه الشافعي,نهاية المطلب في دراية المذهب - المجلد 1 (الجزء 6 من 13),الجويني، أبو المعالي,غير مذكور,نهاية_المطلب_في_دراية_المذهب_Part_06.md
الفقه الشافعي,نهاية المطلب في دراية المذهب - المجلد 1 (الجزء 7 من 13),الجويني، أبو المعالي,غير مذكور,نهاية_المطلب_في_دراية_المذهب_Part_07.md
الفقه الشافعي,نهاية المطلب في دراية المذهب - المجلد 1 (الجزء 8 من 13),الجويني، أبو المعالي,غير مذكور,نهاية_المطلب_في_دراية_المذهب_Part_08.md
الفقه الشافعي,نهاية المطلب في دراية المذهب - المجلد 1 (الجزء 9 من 13),الجويني، أبو المعالي,غير مذكور,نهاية_المطلب_في_دراية_المذهب_Part_09.md
الفقه الشافعي,نهاية المطلب في دراية المذهب - المجلد 1 (الجزء 10 من 13),الجويني، أبو المعالي,غير مذكور,نهاية_المطلب_في_دراية_المذهب_Part_10.md
الفقه الشافعي,نهاية المطلب في دراية المذهب - المجلد 1 (الجزء 11 من 13),الجويني، أبو المعالي,غير مذكور,نهاية_المطلب_في_دراية_المذهب_Part_11.md
الفقه الشافعي,نهاية المطلب في دراية المذهب - المجلد 1 (الجزء 12 من 13),الجويني، أبو المعالي,غير مذكور,نهاية_المطلب_في_دراية_المذهب_Part_12.md
الفقه الشافعي,نهاية المطلب في دراية المذهب - المجلد 1 (الجزء 13 من 13),الجويني، أبو المعالي,غير مذكور,نهاية_المطلب_في_دراية_المذهب_Part_13.md
الفقه الحنبلي,الشرح الصوتي لزاد المستقنع - ابن عثيمين - المجلد 1 (الجزء 1 من 18),ابن عثيمين,غير مذكور,الشرح_الصوتي_لزاد_المستقنع_-_ابن_عثيمين_Part_01.md
الفقه الحنبلي,الشرح الصوتي لزاد المستقنع - ابن عثيمين - المجلد 1 (الجزء 2 من 18),ابن عثيمين,غير مذكور,الشرح_الصوتي_لزاد_المستقنع_-_ابن_عثيمين_Part_02.md
الفقه الحنبلي,الشرح الصوتي لزاد المستقنع - ابن عثيمين - المجلد 1 (الجزء 3 من 18),ابن عثيمين,غير مذكور,الشرح_الصوتي_لزاد_المستقنع_-_ابن_عثيمين_Part_03.md
الفقه الحنبلي,الشرح الصوتي لزاد المستقنع - ابن عثيمين - المجلد 1 (الجزء 4 من 18),ابن عثيمين,غير مذكور,الشرح_الصوتي_لزاد_المستقنع_-_ابن_عثيمين_Part_04.md
الفقه الحنبلي,الشرح الصوتي لزاد المستقنع - ابن عثيمين - المجلد 1 (الجزء 5 من 18),ابن عثيمين,غير مذكور,الشرح_الصوتي_لزاد_المستقنع_-_ابن_عثيمين_Part_05.md
الفقه الحنبلي,الشرح الصوتي لزاد المستقنع - ابن عثيمين - المجلد 1 (الجزء 6 من 18),ابن عثيمين,غير مذكور,الشرح_الصوتي_لزاد_المستقنع_-_ابن_عثيمين_Part_06.md
الفقه الحنبلي,الشرح الصوتي لزاد المستقنع - ابن عثيمين - المجلد 1 (الجزء 7 من 18),ابن عثيمين,غير مذكور,الشرح_الصوتي_لزاد_المستقنع_-_ابن_عثيمين_Part_07.md
الفقه الحنبلي,الشرح الصوتي لزاد المستقنع - ابن عثيمين - المجلد 1 (الجزء 8 من 18),ابن عثيمين,غير مذكور,الشرح_الصوتي_لزاد_المستقنع_-_ابن_عثيمين_Part_08.md
الفقه الحنبلي,الشرح الصوتي لزاد المستقنع - ابن عثيمين - المجلد 1 (الجزء 9 من 18),ابن عثيمين,غير مذكور,الشرح_الصوتي_لزاد_المستقنع_-_ابن_عثيمين_Part_09.md
الفقه الحنبلي,الشرح الصوتي لزاد المستقنع - ابن عثيمين - المجلد 1 (الجزء 10 من 18),ابن عثيمين,غير مذكور,الشرح_الصوتي_لزاد_المستقنع_-_ابن_عثيمين_Part_10.md
الفقه الحنبلي,الشرح الصوتي لزاد المستقنع - ابن عثيمين - المجلد 1 (الجزء 11 من 18),ابن عثيمين,غير مذكور,الشرح_الصوتي_لزاد_المستقنع_-_ابن_عثيمين_Part_11.md
الفقه الحنبلي,الشرح الصوتي لزاد المستقنع - ابن عثيمين - المجلد 1 (الجزء 12 من 18),ابن عثيمين,غير مذكور,الشرح_الصوتي_لزاد_المستقنع_-_ابن_عثيمين_Part_12.md
الفقه الحنبلي,الشرح الصوتي لزاد المستقنع - ابن عثيمين - المجلد 1 (الجزء 13 من 18),ابن عثيمين,غير مذكور,الشرح_الصوتي_لزاد_المستقنع_-_ابن_عثيمين_Part_13.md
الفقه الحنبلي,الشرح الصوتي لزاد المستقنع - ابن عثيمين - المجلد 1 (الجزء 14 من 18),ابن عثيمين,غير مذكور,الشرح_الصوتي_لزاد_المستقنع_-_ابن_عثيمين_Part_14.md
الفقه الحنبلي,الشرح الصوتي لزاد المستقنع - ابن عثيمين - المجلد 1 (الجزء 15 من 18),ابن عثيمين,غير مذكور,الشرح_الصوتي_لزاد_المستقنع_-_ابن_عثيمين_Part_15.md
الفقه الحنبلي,الشرح الصوتي لزاد المستقنع - ابن عثيمين - المجلد 1 (الجزء 16 من 18),ابن عثيمين,غير مذكور,الشرح_الصوتي_لزاد_المستقنع_-_ابن_عثيمين_Part_16.md
الفقه الحنبلي,الشرح الصوتي لزاد المستقنع - ابن عثيمين - المجلد 1 (الجزء 17 من 18),ابن عثيمين,غير مذكور,الشرح_الصوتي_لزاد_المستقنع_-_ابن_عثيمين_Part_17.md
الفقه الحنبلي,الشرح الصوتي لزاد المستقنع - ابن عثيمين - المجلد 1 (الجزء 18 من 18),ابن عثيمين,غير مذكور,الشرح_الصوتي_لزاد_المستقنع_-_ابن_عثيمين_Part_18.md
الفقه الحنبلي,الشرح الممتع على زاد المستقنع - المجلد 1 (الجزء 1 من 7),ابن عثيمين,غير مذكور,الشرح_الممتع_على_زاد_المستقنع_Part_01.md
الفقه الحنبلي,الشرح الممتع على زاد المستقنع - المجلد 1 (الجزء 2 من 7),ابن عثيمين,غير مذكور,الشرح_الممتع_على_زاد_المستقنع_Part_02.md
الفقه الحنبلي,الشرح الممتع على زاد المستقنع - المجلد 1 (الجزء 3 من 7),ابن عثيمين,غير مذكور,الشرح_الممتع_على_زاد_المستقنع_Part_03.md
الفقه الحنبلي,الشرح الممتع على زاد المستقنع - المجلد 1 (الجزء 4 من 7),ابن عثيمين,غير مذكور,الشرح_الممتع_على_زاد_المستقنع_Part_04.md
الفقه الحنبلي,الشرح الممتع على زاد المستقنع - المجلد 1 (الجزء 5 من 7),ابن عثيمين,غير مذكور,الشرح_الممتع_على_زاد_المستقنع_Part_05.md
الفقه الحنبلي,الشرح الممتع على زاد المستقنع - المجلد 1 (الجزء 6 من 7),ابن عثيمين,غير مذكور,الشرح_الممتع_على_زاد_المستقنع_Part_06.md
الفقه الحنبلي,الشرح الممتع على زاد المستقنع - المجلد 1 (الجزء 7 من 7),ابن عثيمين,غير مذكور,الشرح_الممتع_على_زاد_المستقنع_Part_07.md
الفقه الحنبلي,شرح زاد المستقنع - آل حسين - المطبوع مع الزوائد عليه,محمد بن عبد الله آل حسين,1381,شرح_زاد_المستقنع_-_آل_حسين_-_المطبوع_مع_الزوائد_عليه.md
الفقه الحنبلي,شرح زاد المستقنع - الشنقيطي - التفريغ - المجلد 1 (الجزء 1 من 13),محمد بن محمد المختار الشنقيطي,غير مذكور,شرح_زاد_المستقنع_-_الشنقيطي_-_التفريغ_Part_01.md
الفقه الحنبلي,شرح زاد المستقنع - الشنقيطي - التفريغ - المجلد 1 (الجزء 2 من 13),محمد بن محمد المختار الشنقيطي,غير مذكور,شرح_زاد_المستقنع_-_الشنقيطي_-_التفريغ_Part_02.md
الفقه الحنبلي,شرح زاد المستقنع - الشنقيطي - التفريغ - المجلد 1 (الجزء 3 من 13),محمد بن محمد المختار الشنقيطي,غير مذكور,شرح_زاد_المستقنع_-_الشنقيطي_-_التفريغ_Part_03.md
الفقه الحنبلي,شرح زاد المستقنع - الشنقيطي - التفريغ - المجلد 1 (الجزء 4 من 13),محمد بن محمد المختار الشنقيطي,غير مذكور,شرح_زاد_المستقنع_-_الشنقيطي_-_التفريغ_Part_04.md
الفقه الحنبلي,شرح زاد المستقنع - الشنقيطي - التفريغ - المجلد 1 (الجزء 5 من 13),محمد بن محمد المختار الشنقيطي,غير مذكور,شرح_زاد_المستقنع_-_الشنقيطي_-_التفريغ_Part_05.md
الفقه الحنبلي,شرح زاد المستقنع - الشنقيطي - التفريغ - المجلد 1 (الجزء 6 من 13),محمد بن محمد المختار الشنقيطي,غير مذكور,شرح_زاد_المستقنع_-_الشنقيطي_-_التفريغ_Part_06.md
الفقه الحنبلي,شرح زاد المستقنع - الشنقيطي - التفريغ - المجلد 1 (الجزء 7 من 13),محمد بن محمد المختار الشنقيطي,غير مذكور,شرح_زاد_المستقنع_-_الشنقيطي_-_التفريغ_Part_07.md
الفقه الحنبلي,شرح زاد المستقنع - الشنقيطي - التفريغ - المجلد 1 (الجزء 8 من 13),محمد بن محمد المختار الشنقيطي,غير مذكور,شرح_زاد_المستقنع_-_الشنقيطي_-_التفريغ_Part_08.md
الفقه الحنبلي,شرح زاد المستقنع - الشنقيطي - التفريغ - المجلد 1 (الجزء 9 من 13),محمد بن محمد المختار الشنقيطي,غير مذكور,شرح_زاد_المستقنع_-_الشنقيطي_-_التفريغ_Part_09.md
الفقه الحنبلي,شرح زاد المستقنع - الشنقيطي - التفريغ - المجلد 1 (الجزء 10 من 13),محمد بن محمد المختار الشنقيطي,غير مذكور,شرح_زاد_المستقنع_-_الشنقيطي_-_التفريغ_Part_10.md
الفقه الحنبلي,شرح زاد المستقنع - الشنقيطي - التفريغ - المجلد 1 (الجزء 11 من 13),محمد بن محمد المختار الشنقيطي,غير مذكور,شرح_زاد_المستقنع_-_الشنقيطي_-_التفريغ_Part_11.md
الفقه الحنبلي,شرح زاد المستقنع - الشنقيطي - التفريغ - المجلد 1 (الجزء 12 من 13),محمد بن محمد المختار الشنقيطي,غير مذكور,شرح_زاد_المستقنع_-_الشنقيطي_-_التفريغ_Part_12.md
الفقه الحنبلي,شرح زاد المستقنع - الشنقيطي - التفريغ - المجلد 1 (الجزء 13 من 13),محمد بن محمد المختار الشنقيطي,غير مذكور,شرح_زاد_المستقنع_-_الشنقيطي_-_التفريغ_Part_13.md
الفقه الحنبلي,شرح زاد المستقنع - الشنقيطي - الطهارة ط الإفتاء,محمد بن محمد المختار الشنقيطي,غير مذكور,شرح_زاد_المستقنع_-_الشنقيطي_-_الطهارة_ط_الإفتاء.md
الفقه الحنبلي,آداب المشي إلى الصلاة - ضمن مؤلفات الشيخ محمد بن عبد الوهاب,محمد بن عبد الوهاب,1206,آداب_المشي_إلى_الصلاة_-_ضمن_مؤلفات_الشيخ_محمد_بن_عبد_الوهاب.md
الفقه الحنبلي,آداب المشي إلى الصلاة ط الوزارة,محمد بن عبد الوهاب,1206,آداب_المشي_إلى_الصلاة_ط_الوزارة.md
الفقه الحنبلي,أحكام أهل الملل والردة - من الجامع للخلال - ت كسروي,أبو بكر الخلال,311,أحكام_أهل_الملل_والردة_-_من_الجامع_للخلال_-_ت_كسروي.md
الفقه الحنبلي,أحكام النساء - من «الجامع» للخلال,أبو بكر الخلال,311,أحكام_النساء_-_من_«الجامع»_للخلال.md
الفقه الحنبلي,أخصر المختصرات - ت العجمي - ط 1,ابن بلبان الحنبلي,1083,أخصر_المختصرات_-_ت_العجمي_-_ط_1.md
الفقه الحنبلي,أخصر المختصرات - ط ركائز,ابن بلبان الحنبلي,1083,أخصر_المختصرات_-_ط_ركائز.md
الفقه الحنبلي,أخير المدخرات شرح أخصر المختصرات,حازم خنفر,غير مذكور,أخير_المدخرات_شرح_أخصر_المختصرات.md
الفقه الحنبلي,اختيارات القاضي أبي يعلى الحنبلي الفقهية من أول كتاب الطهارة إلى آخر باب التيمم,عدنان الرشيدي,غير مذكور,اختيارات_القاضي_أبي_يعلى_الحنبلي_الفقهية_من_أول_كتاب_الطهارة_إلى_آخر_باب_التيمم.md
الفقه الحنبلي,الأسئلة والأجوبة الفقهية - المجلد 1 (الجزء 1 من 4),عبد العزيز السلمان,غير مذكور,الأسئلة_والأجوبة_الفقهية_Part_01.md
الفقه الحنبلي,الأسئلة والأجوبة الفقهية - المجلد 1 (الجزء 2 من 4),عبد العزيز السلمان,غير مذكور,الأسئلة_والأجوبة_الفقهية_Part_02.md
الفقه الحنبلي,الأسئلة والأجوبة الفقهية - المجلد 1 (الجزء 3 من 4),عبد العزيز السلمان,غير مذكور,الأسئلة_والأجوبة_الفقهية_Part_03.md
الفقه الحنبلي,الأسئلة والأجوبة الفقهية - المجلد 1 (الجزء 4 من 4),عبد العزيز السلمان,غير مذكور,الأسئلة_والأجوبة_الفقهية_Part_04.md
الفقه الحنبلي,الأشربة لأحمد بن حنبل,أحمد بن حنبل,241,الأشربة_لأحمد_بن_حنبل.md
الفقه الحنبلي,الإرشاد إلى سبيل الرشاد,أبو علي بن أبي موسى الهاشمي,428,الإرشاد_إلى_سبيل_الرشاد.md
الفقه الحنبلي,الإقناع في فقه الإمام أحمد بن حنبل - المجلد 1 (الجزء 1 من 2),الحجاوي,968,الإقناع_في_فقه_الإمام_أحمد_بن_حنبل_Part_01.md
الفقه الحنبلي,الإقناع في فقه الإمام أحمد بن حنبل - المجلد 1 (الجزء 2 من 2),الحجاوي,968,الإقناع_في_فقه_الإمام_أحمد_بن_حنبل_Part_02.md
الفقه الحنبلي,الإنصاف في معرفة الراجح من الخلاف - ت التركي - المجلد 1 (الجزء 1 من 9),المرداوي,885,الإنصاف_في_معرفة_الراجح_من_الخلاف_-_ت_التركي_Part_01.md
الفقه الحنبلي,الإنصاف في معرفة الراجح من الخلاف - ت التركي - المجلد 1 (الجزء 2 من 9),المرداوي,885,الإنصاف_في_معرفة_الراجح_من_الخلاف_-_ت_التركي_Part_02.md
الفقه الحنبلي,الإنصاف في معرفة الراجح من الخلاف - ت التركي - المجلد 1 (الجزء 3 من 9),المرداوي,885,الإنصاف_في_معرفة_الراجح_من_الخلاف_-_ت_التركي_Part_03.md
الفقه الحنبلي,الإنصاف في معرفة الراجح من الخلاف - ت التركي - المجلد 1 (الجزء 4 من 9),المرداوي,885,الإنصاف_في_معرفة_الراجح_من_الخلاف_-_ت_التركي_Part_04.md
الفقه الحنبلي,الإنصاف في معرفة الراجح من الخلاف - ت التركي - المجلد 1 (الجزء 5 من 9),المرداوي,885,الإنصاف_في_معرفة_الراجح_من_الخلاف_-_ت_التركي_Part_05.md
الفقه الحنبلي,الإنصاف في معرفة الراجح من الخلاف - ت التركي - المجلد 1 (الجزء 6 من 9),المرداوي,885,الإنصاف_في_معرفة_الراجح_من_الخلاف_-_ت_التركي_Part_06.md
الفقه الحنبلي,الإنصاف في معرفة الراجح من الخلاف - ت التركي - المجلد 1 (الجزء 7 من 9),المرداوي,885,الإنصاف_في_معرفة_الراجح_من_الخلاف_-_ت_التركي_Part_07.md
الفقه الحنبلي,الإنصاف في معرفة الراجح من الخلاف - ت التركي - المجلد 1 (الجزء 8 من 9),المرداوي,885,الإنصاف_في_معرفة_الراجح_من_الخلاف_-_ت_التركي_Part_08.md
الفقه الحنبلي,الإنصاف في معرفة الراجح من الخلاف - ت التركي - المجلد 1 (الجزء 9 من 9),المرداوي,885,الإنصاف_في_معرفة_الراجح_من_الخلاف_-_ت_التركي_Part_09.md
الفقه الحنبلي,الإنصاف في معرفة الراجح من الخلاف - ت الفقي - المجلد 1 (الجزء 1 من 6),المرداوي,885,الإنصاف_في_معرفة_الراجح_من_الخلاف_-_ت_الفقي_Part_01.md
الفقه الحنبلي,الإنصاف في معرفة الراجح من الخلاف - ت الفقي - المجلد 1 (الجزء 2 من 6),المرداوي,885,الإنصاف_في_معرفة_الراجح_من_الخلاف_-_ت_الفقي_Part_02.md
الفقه الحنبلي,الإنصاف في معرفة الراجح من الخلاف - ت الفقي - المجلد 1 (الجزء 3 من 6),المرداوي,885,الإنصاف_في_معرفة_الراجح_من_الخلاف_-_ت_الفقي_Part_03.md
الفقه الحنبلي,الإنصاف في معرفة الراجح من الخلاف - ت الفقي - المجلد 1 (الجزء 4 من 6),المرداوي,885,الإنصاف_في_معرفة_الراجح_من_الخلاف_-_ت_الفقي_Part_04.md
الفقه الحنبلي,الإنصاف في معرفة الراجح من الخلاف - ت الفقي - المجلد 1 (الجزء 5 من 6),المرداوي,885,الإنصاف_في_معرفة_الراجح_من_الخلاف_-_ت_الفقي_Part_05.md
الفقه الحنبلي,الإنصاف في معرفة الراجح من الخلاف - ت الفقي - المجلد 1 (الجزء 6 من 6),المرداوي,885,الإنصاف_في_معرفة_الراجح_من_الخلاف_-_ت_الفقي_Part_06.md
الفقه الحنبلي,الاستخراج لأحكام الخراج,ابن رجب الحنبلي,795,الاستخراج_لأحكام_الخراج.md
الفقه الحنبلي,التحرير شرح الدليل - كتاب الطهارة,أبو المنذر المنياوي,غير مذكور,التحرير_شرح_الدليل_-_كتاب_الطهارة.md
الفقه الحنبلي,التذكرة في الفقه على مذهب الإمام أحمد,أبو الوفاء ابن عقيل,513,التذكرة_في_الفقه_على_مذهب_الإمام_أحمد.md
الفقه الحنبلي,التسهيل في فقه الإمام أحمد - وزارة الأوقاف الكويتية - المجلد 1 (الجزء 1 من 2),مجموعة من المؤلفين,غير مذكور,التسهيل_في_فقه_الإمام_أحمد_-_وزارة_الأوقاف_الكويتية_Part_01.md
الفقه الحنبلي,التسهيل في فقه الإمام أحمد - وزارة الأوقاف الكويتية - المجلد 1 (الجزء 2 من 2),مجموعة من المؤلفين,غير مذكور,التسهيل_في_فقه_الإمام_أحمد_-_وزارة_الأوقاف_الكويتية_Part_02.md
الفقه الحنبلي,التعليق على العدة شرح العمدة - أسامة سليمان - المجلد 1 (الجزء 1 من 2),أسامة سليمان,غير مذكور,التعليق_على_العدة_شرح_العمدة_-_أسامة_سليمان_Part_01.md
الفقه الحنبلي,التعليق على العدة شرح العمدة - أسامة سليمان - المجلد 1 (الجزء 2 من 2),أسامة سليمان,غير مذكور,التعليق_على_العدة_شرح_العمدة_-_أسامة_سليمان_Part_02.md
الفقه الحنبلي,التعليقة الكبيرة - أبو يعلى - من الأشربة للأيمان,القاضي أبو يعلى ابن الفراء,458,التعليقة_الكبيرة_-_أبو_يعلى_-_من_الأشربة_للأيمان.md
الفقه الحنبلي,التعليقة الكبيرة - أبو يعلى - من الاعتكاف للبيوع - المجلد 1 (الجزء 1 من 2),القاضي أبو يعلى ابن الفراء,458,التعليقة_الكبيرة_-_أبو_يعلى_-_من_الاعتكاف_للبيوع_Part_01.md
الفقه الحنبلي,التعليقة الكبيرة - أبو يعلى - من الاعتكاف للبيوع - المجلد 1 (الجزء 2 من 2),القاضي أبو يعلى ابن الفراء,458,التعليقة_الكبيرة_-_أبو_يعلى_-_من_الاعتكاف_للبيوع_Part_02.md
الفقه الحنبلي,التعليقة الكبيرة - أبو يعلى - من الصلاة للجنائز - المجلد 1 (الجزء 1 من 2),القاضي أبو يعلى ابن الفراء,458,التعليقة_الكبيرة_-_أبو_يعلى_-_من_الصلاة_للجنائز_Part_01.md
الفقه الحنبلي,التعليقة الكبيرة - أبو يعلى - من الصلاة للجنائز - المجلد 1 (الجزء 2 من 2),القاضي أبو يعلى ابن الفراء,458,التعليقة_الكبيرة_-_أبو_يعلى_-_من_الصلاة_للجنائز_Part_02.md
الفقه الحنبلي,التنقيح المشبع في تحرير أحكام المقنع - مع حواشي التنقيح,المرداوي,885,التنقيح_المشبع_في_تحرير_أحكام_المقنع_-_مع_حواشي_التنقيح.md
الفقه الحنبلي,الجامع لعلوم الإمام أحمد - الفقه - المجلد 1 (الجزء 1 من 5),أحمد بن حنبل,241,الجامع_لعلوم_الإمام_أحمد_-_الفقه_Part_01.md
الفقه الحنبلي,الجامع لعلوم الإمام أحمد - الفقه - المجلد 1 (الجزء 2 من 5),أحمد بن حنبل,241,الجامع_لعلوم_الإمام_أحمد_-_الفقه_Part_02.md
الفقه الحنبلي,الجامع لعلوم الإمام أحمد - الفقه - المجلد 1 (الجزء 3 من 5),أحمد بن حنبل,241,الجامع_لعلوم_الإمام_أحمد_-_الفقه_Part_03.md
الفقه الحنبلي,الجامع لعلوم الإمام أحمد - الفقه - المجلد 1 (الجزء 4 من 5),أحمد بن حنبل,241,الجامع_لعلوم_الإمام_أحمد_-_الفقه_Part_04.md
الفقه الحنبلي,الجامع لعلوم الإمام أحمد - الفقه - المجلد 1 (الجزء 5 من 5),أحمد بن حنبل,241,الجامع_لعلوم_الإمام_أحمد_-_الفقه_Part_05.md
الفقه الحنبلي,الحاشية العثيمينية على زاد المستقنع,حازم خنفر,غير مذكور,الحاشية_العثيمينية_على_زاد_المستقنع.md
الفقه الحنبلي,الحواشي السابغات على أخصر المختصرات,أحمد بن ناصر القعيمي,غير مذكور,الحواشي_السابغات_على_أخصر_المختصرات.md
الفقه الحنبلي,الدلائل والإشارات على أخصر المختصرات - المجلد 1 (الجزء 1 من 2),عبد العزيز العيدان,غير مذكور,الدلائل_والإشارات_على_أخصر_المختصرات_Part_01.md
الفقه الحنبلي,الدلائل والإشارات على أخصر المختصرات - المجلد 1 (الجزء 2 من 2),عبد العزيز العيدان,غير مذكور,الدلائل_والإشارات_على_أخصر_المختصرات_Part_02.md
الفقه الحنبلي,الرعاية الصغرى في الفقه,ابن حمدان,695,الرعاية_الصغرى_في_الفقه.md
الفقه الحنبلي,الروايتين والوجهين - المسائل الفقهية منه,القاضي أبو يعلى ابن الفراء,458,الروايتين_والوجهين_-_المسائل_الفقهية_منه.md
الفقه الحنبلي,الروض المربع بشرح زاد المستقنع - ط ركائز,البهوتي,1051,الروض_المربع_بشرح_زاد_المستقنع_-_ط_ركائز.md
الفقه الحنبلي,الروض المربع شرح زاد المستقنع - ط المؤيد والرسالة,البهوتي,1051,الروض_المربع_شرح_زاد_المستقنع_-_ط_المؤيد_والرسالة.md
الفقه الحنبلي,الروض الندي شرح كافي المبتدي,أحمد بن عبد الله البعلي,1189,الروض_الندي_شرح_كافي_المبتدي.md
الفقه الحنبلي,الزوائد على زاد المستقنع - آل حسين - المجلد 1 (الجزء 1 من 2),محمد بن عبد الله آل حسين,1381,الزوائد_على_زاد_المستقنع_-_آل_حسين_Part_01.md
الفقه الحنبلي,الزوائد على زاد المستقنع - آل حسين - المجلد 1 (الجزء 2 من 2),محمد بن عبد الله آل حسين,1381,الزوائد_على_زاد_المستقنع_-_آل_حسين_Part_02.md
الفقه الحنبلي,الشرح الكبير على المقنع - ت التركي - المجلد 1 (الجزء 1 من 11),ابن أبي عمر,غير مذكور,الشرح_الكبير_على_المقنع_-_ت_التركي_Part_01.md
الفقه الحنبلي,الشرح الكبير على المقنع - ت التركي - المجلد 1 (الجزء 2 من 11),ابن أبي عمر,غير مذكور,الشرح_الكبير_على_المقنع_-_ت_التركي_Part_02.md
الفقه الحنبلي,الشرح الكبير على المقنع - ت التركي - المجلد 1 (الجزء 3 من 11),ابن أبي عمر,غير مذكور,الشرح_الكبير_على_المقنع_-_ت_التركي_Part_03.md
الفقه الحنبلي,الشرح الكبير على المقنع - ت التركي - المجلد 1 (الجزء 4 من 11),ابن أبي عمر,غير مذكور,الشرح_الكبير_على_المقنع_-_ت_التركي_Part_04.md
الفقه الحنبلي,الشرح الكبير على المقنع - ت التركي - المجلد 1 (الجزء 5 من 11),ابن أبي عمر,غير مذكور,الشرح_الكبير_على_المقنع_-_ت_التركي_Part_05.md
الفقه الحنبلي,الشرح الكبير على المقنع - ت التركي - المجلد 1 (الجزء 6 من 11),ابن أبي عمر,غير مذكور,الشرح_الكبير_على_المقنع_-_ت_التركي_Part_06.md
الفقه الحنبلي,الشرح الكبير على المقنع - ت التركي - المجلد 1 (الجزء 7 من 11),ابن أبي عمر,غير مذكور,الشرح_الكبير_على_المقنع_-_ت_التركي_Part_07.md
الفقه الحنبلي,الشرح الكبير على المقنع - ت التركي - المجلد 1 (الجزء 8 من 11),ابن أبي عمر,غير مذكور,الشرح_الكبير_على_المقنع_-_ت_التركي_Part_08.md
الفقه الحنبلي,الشرح الكبير على المقنع - ت التركي - المجلد 1 (الجزء 9 من 11),ابن أبي عمر,غير مذكور,الشرح_الكبير_على_المقنع_-_ت_التركي_Part_09.md
الفقه الحنبلي,الشرح الكبير على المقنع - ت التركي - المجلد 1 (الجزء 10 من 11),ابن أبي عمر,غير مذكور,الشرح_الكبير_على_المقنع_-_ت_التركي_Part_10.md
الفقه الحنبلي,الشرح الكبير على المقنع - ت التركي - المجلد 1 (الجزء 11 من 11),ابن أبي عمر,غير مذكور,الشرح_الكبير_على_المقنع_-_ت_التركي_Part_11.md
الفقه الحنبلي,الشرح الكبير على المقنع - ط المنار - المجلد 1 (الجزء 1 من 9),ابن أبي عمر,غير مذكور,الشرح_الكبير_على_المقنع_-_ط_المنار_Part_01.md
الفقه الحنبلي,الشرح الكبير على المقنع - ط المنار - المجلد 1 (الجزء 2 من 9),ابن أبي عمر,غير مذكور,الشرح_الكبير_على_المقنع_-_ط_المنار_Part_02.md
الفقه الحنبلي,الشرح الكبير على المقنع - ط المنار - المجلد 1 (الجزء 3 من 9),ابن أبي عمر,غير مذكور,الشرح_الكبير_على_المقنع_-_ط_المنار_Part_03.md
الفقه الحنبلي,الشرح الكبير على المقنع - ط المنار - المجلد 1 (الجزء 4 من 9),ابن أبي عمر,غير مذكور,الشرح_الكبير_على_المقنع_-_ط_المنار_Part_04.md
الفقه الحنبلي,الشرح الكبير على المقنع - ط المنار - المجلد 1 (الجزء 5 من 9),ابن أبي عمر,غير مذكور,الشرح_الكبير_على_المقنع_-_ط_المنار_Part_05.md
الفقه الحنبلي,الشرح الكبير على المقنع - ط المنار - المجلد 1 (الجزء 6 من 9),ابن أبي عمر,غير مذكور,الشرح_الكبير_على_المقنع_-_ط_المنار_Part_06.md
الفقه الحنبلي,الشرح الكبير على المقنع - ط المنار - المجلد 1 (الجزء 7 من 9),ابن أبي عمر,غير مذكور,الشرح_الكبير_على_المقنع_-_ط_المنار_Part_07.md
الفقه الحنبلي,الشرح الكبير على المقنع - ط المنار - المجلد 1 (الجزء 8 من 9),ابن أبي عمر,غير مذكور,الشرح_الكبير_على_المقنع_-_ط_المنار_Part_08.md
الفقه الحنبلي,الشرح الكبير على المقنع - ط المنار - المجلد 1 (الجزء 9 من 9),ابن أبي عمر,غير مذكور,الشرح_الكبير_على_المقنع_-_ط_المنار_Part_09.md
الفقه الحنبلي,الشرح الميسر لزاد المستقنع - الحازمي - كتاب الطهارة,أحمد بن عمر الحازمي,غير مذكور,الشرح_الميسر_لزاد_المستقنع_-_الحازمي_-_كتاب_الطهارة.md
الفقه الحنبلي,العدة شرح العمدة - المجلد 1 (الجزء 1 من 2),بهاء الدين المقدسي,624,العدة_شرح_العمدة_Part_01.md
الفقه الحنبلي,العدة شرح العمدة - المجلد 1 (الجزء 2 من 2),بهاء الدين المقدسي,624,العدة_شرح_العمدة_Part_02.md
الفقه الحنبلي,العقد المفرد في الفقه على مذهب الإمام أحمد,أبو عياشة محمد البيومي,1335,العقد_المفرد_في_الفقه_على_مذهب_الإمام_أحمد.md
الفقه الحنبلي,الفروع وتصحيح الفروع - المجلد 1 (الجزء 1 من 5),ابن مفلح,763,الفروع_وتصحيح_الفروع_Part_01.md
الفقه الحنبلي,الفروع وتصحيح الفروع - المجلد 1 (الجزء 2 من 5),ابن مفلح,763,الفروع_وتصحيح_الفروع_Part_02.md
الفقه الحنبلي,الفروع وتصحيح الفروع - المجلد 1 (الجزء 3 من 5),ابن مفلح,763,الفروع_وتصحيح_الفروع_Part_03.md
الفقه الحنبلي,الفروع وتصحيح الفروع - المجلد 1 (الجزء 4 من 5),ابن مفلح,763,الفروع_وتصحيح_الفروع_Part_04.md
الفقه الحنبلي,الفروع وتصحيح الفروع - المجلد 1 (الجزء 5 من 5),ابن مفلح,763,الفروع_وتصحيح_الفروع_Part_05.md
الفقه الحنبلي,الفوائد المنتخبات في شرح أخصر المختصرات - المجلد 1 (الجزء 1 من 2),عثمان ابن جامع,غير مذكور,الفوائد_المنتخبات_في_شرح_أخصر_المختصرات_Part_01.md
الفقه الحنبلي,الفوائد المنتخبات في شرح أخصر المختصرات - المجلد 1 (الجزء 2 من 2),عثمان ابن جامع,غير مذكور,الفوائد_المنتخبات_في_شرح_أخصر_المختصرات_Part_02.md
الفقه الحنبلي,الفواكه العديدة في المسائل المفيدة - المجلد 1 (الجزء 1 من 2),أحمد المنقور,غير مذكور,الفواكه_العديدة_في_المسائل_المفيدة_Part_01.md
الفقه الحنبلي,الفواكه العديدة في المسائل المفيدة - المجلد 1 (الجزء 2 من 2),أحمد المنقور,غير مذكور,الفواكه_العديدة_في_المسائل_المفيدة_Part_02.md
الفقه الحنبلي,الكافي في فقه الإمام أحمد - المجلد 1 (الجزء 1 من 3),ابن قدامة,620,الكافي_في_فقه_الإمام_أحمد_Part_01.md
الفقه الحنبلي,الكافي في فقه الإمام أحمد - المجلد 1 (الجزء 2 من 3),ابن قدامة,620,الكافي_في_فقه_الإمام_أحمد_Part_02.md
الفقه الحنبلي,الكافي في فقه الإمام أحمد - المجلد 1 (الجزء 3 من 3),ابن قدامة,620,الكافي_في_فقه_الإمام_أحمد_Part_03.md
الفقه الحنبلي,المبدع شرح المقنع - ط ركائز - المجلد 1 (الجزء 1 من 5),برهان الدين ابن مفلح,غير مذكور,المبدع_شرح_المقنع_-_ط_ركائز_Part_01.md
الفقه الحنبلي,المبدع شرح المقنع - ط ركائز - المجلد 1 (الجزء 2 من 5),برهان الدين ابن مفلح,غير مذكور,المبدع_شرح_المقنع_-_ط_ركائز_Part_02.md
الفقه الحنبلي,المبدع شرح المقنع - ط ركائز - المجلد 1 (الجزء 3 من 5),برهان الدين ابن مفلح,غير مذكور,المبدع_شرح_المقنع_-_ط_ركائز_Part_03.md
الفقه الحنبلي,المبدع شرح المقنع - ط ركائز - المجلد 1 (الجزء 4 من 5),برهان الدين ابن مفلح,غير مذكور,المبدع_شرح_المقنع_-_ط_ركائز_Part_04.md
الفقه الحنبلي,المبدع شرح المقنع - ط ركائز - المجلد 1 (الجزء 5 من 5),برهان الدين ابن مفلح,غير مذكور,المبدع_شرح_المقنع_-_ط_ركائز_Part_05.md
الفقه الحنبلي,المبدع في شرح المقنع - ط العلمية - المجلد 1 (الجزء 1 من 6),برهان الدين ابن مفلح,غير مذكور,المبدع_في_شرح_المقنع_-_ط_العلمية_Part_01.md
الفقه الحنبلي,المبدع في شرح المقنع - ط العلمية - المجلد 1 (الجزء 2 من 6),برهان الدين ابن مفلح,غير مذكور,المبدع_في_شرح_المقنع_-_ط_العلمية_Part_02.md
الفقه الحنبلي,المبدع في شرح المقنع - ط العلمية - المجلد 1 (الجزء 3 من 6),برهان الدين ابن مفلح,غير مذكور,المبدع_في_شرح_المقنع_-_ط_العلمية_Part_03.md
الفقه الحنبلي,المبدع في شرح المقنع - ط العلمية - المجلد 1 (الجزء 4 من 6),برهان الدين ابن مفلح,غير مذكور,المبدع_في_شرح_المقنع_-_ط_العلمية_Part_04.md
الفقه الحنبلي,المبدع في شرح المقنع - ط العلمية - المجلد 1 (الجزء 5 من 6),برهان الدين ابن مفلح,غير مذكور,المبدع_في_شرح_المقنع_-_ط_العلمية_Part_05.md
الفقه الحنبلي,المبدع في شرح المقنع - ط العلمية - المجلد 1 (الجزء 6 من 6),برهان الدين ابن مفلح,غير مذكور,المبدع_في_شرح_المقنع_-_ط_العلمية_Part_06.md
الفقه الحنبلي,المحرر في الفقه على مذهب أحمد - ومعه النكت والفوائد السنية,مجد الدين بن تيمية,652,المحرر_في_الفقه_على_مذهب_أحمد_-_ومعه_النكت_والفوائد_السنية.md
الفقه الحنبلي,المذهب الحنبلي دراسة في تاريخه وسماته - المجلد 1 (الجزء 1 من 2),عبد الله بن عبد المحسن التركي,غير مذكور,المذهب_الحنبلي_دراسة_في_تاريخه_وسماته_Part_01.md
الفقه الحنبلي,المذهب الحنبلي دراسة في تاريخه وسماته - المجلد 1 (الجزء 2 من 2),عبد الله بن عبد المحسن التركي,غير مذكور,المذهب_الحنبلي_دراسة_في_تاريخه_وسماته_Part_02.md
الفقه الحنبلي,المسائل التي حلف عليها أحمد بن حنبل,أبو الحسين ابن أبي يعلى,526,المسائل_التي_حلف_عليها_أحمد_بن_حنبل.md
الفقه الحنبلي,المسائل الفقهية التي بناها الحنابلة في مذهبهم على الاحتجاج بمذهب الصحابي - من أول كتاب النكاح إلى نهاية كتاب الإقرار),حميدة الجحدلي,غير مذكور,المسائل_الفقهية_التي_بناها_الحنابلة_في_مذهبهم_على_الاحتجاج_بمذهب_الصحابي_-_من_أول_كتاب_النكاح_إلى_نهاية_كتاب_الإقرار).md
الفقه الحنبلي,المسائل الماردينية,ابن تيمية,728,المسائل_الماردينية.md
الفقه الحنبلي,المطلع على دقائق زاد المستقنع «المعاملات المالية» - المجلد 1 (الجزء 1 من 2),عبد الكريم اللاحم,1438,المطلع_على_دقائق_زاد_المستقنع_«المعاملات_المالية»_Part_01.md
الفقه الحنبلي,المطلع على دقائق زاد المستقنع «المعاملات المالية» - المجلد 1 (الجزء 2 من 2),عبد الكريم اللاحم,1438,المطلع_على_دقائق_زاد_المستقنع_«المعاملات_المالية»_Part_02.md
الفقه الحنبلي,المطلع على دقائق زاد المستقنع «فقه الأسرة» - المجلد 1 (الجزء 1 من 2),عبد الكريم اللاحم,1438,المطلع_على_دقائق_زاد_المستقنع_«فقه_الأسرة»_Part_01.md
الفقه الحنبلي,المطلع على دقائق زاد المستقنع «فقه الأسرة» - المجلد 1 (الجزء 2 من 2),عبد الكريم اللاحم,1438,المطلع_على_دقائق_زاد_المستقنع_«فقه_الأسرة»_Part_02.md
الفقه الحنبلي,المطلع على دقائق زاد المستقنع «فقه الجنايات والحدود» - المجلد 1 (الجزء 1 من 2),عبد الكريم اللاحم,1438,المطلع_على_دقائق_زاد_المستقنع_«فقه_الجنايات_والحدود»_Part_01.md
الفقه الحنبلي,المطلع على دقائق زاد المستقنع «فقه الجنايات والحدود» - المجلد 1 (الجزء 2 من 2),عبد الكريم اللاحم,1438,المطلع_على_دقائق_زاد_المستقنع_«فقه_الجنايات_والحدود»_Part_02.md
الفقه الحنبلي,المطلع على دقائق زاد المستقنع «فقه القضاء والشهادات»,عبد الكريم اللاحم,1438,المطلع_على_دقائق_زاد_المستقنع_«فقه_القضاء_والشهادات».md
الفقه الحنبلي,المغني لابن قدامة - ت التركي - المجلد 1 (الجزء 1 من 10),ابن قدامة,620,المغني_لابن_قدامة_-_ت_التركي_Part_01.md
الفقه الحنبلي,المغني لابن قدامة - ت التركي - المجلد 1 (الجزء 2 من 10),ابن قدامة,620,المغني_لابن_قدامة_-_ت_التركي_Part_02.md
الفقه الحنبلي,المغني لابن قدامة - ت التركي - المجلد 1 (الجزء 3 من 10),ابن قدامة,620,المغني_لابن_قدامة_-_ت_التركي_Part_03.md
الفقه الحنبلي,المغني لابن قدامة - ت التركي - المجلد 1 (الجزء 4 من 10),ابن قدامة,620,المغني_لابن_قدامة_-_ت_التركي_Part_04.md
الفقه الحنبلي,المغني لابن قدامة - ت التركي - المجلد 1 (الجزء 5 من 10),ابن قدامة,620,المغني_لابن_قدامة_-_ت_التركي_Part_05.md
الفقه الحنبلي,المغني لابن قدامة - ت التركي - المجلد 1 (الجزء 6 من 10),ابن قدامة,620,المغني_لابن_قدامة_-_ت_التركي_Part_06.md
الفقه الحنبلي,المغني لابن قدامة - ت التركي - المجلد 1 (الجزء 7 من 10),ابن قدامة,620,المغني_لابن_قدامة_-_ت_التركي_Part_07.md
الفقه الحنبلي,المغني لابن قدامة - ت التركي - المجلد 1 (الجزء 8 من 10),ابن قدامة,620,المغني_لابن_قدامة_-_ت_التركي_Part_08.md
الفقه الحنبلي,المغني لابن قدامة - ت التركي - المجلد 1 (الجزء 9 من 10),ابن قدامة,620,المغني_لابن_قدامة_-_ت_التركي_Part_09.md
الفقه الحنبلي,المغني لابن قدامة - ت التركي - المجلد 1 (الجزء 10 من 10),ابن قدامة,620,المغني_لابن_قدامة_-_ت_التركي_Part_10.md
الفقه الحنبلي,المغني لابن قدامة - ط مكتبة القاهرة - المجلد 1 (الجزء 1 من 10),ابن قدامة,620,المغني_لابن_قدامة_-_ط_مكتبة_القاهرة_Part_01.md
الفقه الحنبلي,المغني لابن قدامة - ط مكتبة القاهرة - المجلد 1 (الجزء 2 من 10),ابن قدامة,620,المغني_لابن_قدامة_-_ط_مكتبة_القاهرة_Part_02.md
الفقه الحنبلي,المغني لابن قدامة - ط مكتبة القاهرة - المجلد 1 (الجزء 3 من 10),ابن قدامة,620,المغني_لابن_قدامة_-_ط_مكتبة_القاهرة_Part_03.md
الفقه الحنبلي,المغني لابن قدامة - ط مكتبة القاهرة - المجلد 1 (الجزء 4 من 10),ابن قدامة,620,المغني_لابن_قدامة_-_ط_مكتبة_القاهرة_Part_04.md
الفقه الحنبلي,المغني لابن قدامة - ط مكتبة القاهرة - المجلد 1 (الجزء 5 من 10),ابن قدامة,620,المغني_لابن_قدامة_-_ط_مكتبة_القاهرة_Part_05.md
الفقه الحنبلي,المغني لابن قدامة - ط مكتبة القاهرة - المجلد 1 (الجزء 6 من 10),ابن قدامة,620,المغني_لابن_قدامة_-_ط_مكتبة_القاهرة_Part_06.md
الفقه الحنبلي,المغني لابن قدامة - ط مكتبة القاهرة - المجلد 1 (الجزء 7 من 10),ابن قدامة,620,المغني_لابن_قدامة_-_ط_مكتبة_القاهرة_Part_07.md
الفقه الحنبلي,المغني لابن قدامة - ط مكتبة القاهرة - المجلد 1 (الجزء 8 من 10),ابن قدامة,620,المغني_لابن_قدامة_-_ط_مكتبة_القاهرة_Part_08.md
الفقه الحنبلي,المغني لابن قدامة - ط مكتبة القاهرة - المجلد 1 (الجزء 9 من 10),ابن قدامة,620,المغني_لابن_قدامة_-_ط_مكتبة_القاهرة_Part_09.md
الفقه الحنبلي,المغني لابن قدامة - ط مكتبة القاهرة - المجلد 1 (الجزء 10 من 10),ابن قدامة,620,المغني_لابن_قدامة_-_ط_مكتبة_القاهرة_Part_10.md
الفقه الحنبلي,المفردات,ابن الزاغوني,527,المفردات.md
الفقه الحنبلي,المقنع في فقه الإمام أحمد - ت الأرناؤوط,ابن قدامة,620,المقنع_في_فقه_الإمام_أحمد_-_ت_الأرناؤوط.md
الفقه الحنبلي,الملخص الفقهي,صالح الفوزان,غير مذكور,الملخص_الفقهي.md
الفقه الحنبلي,الممتع في شرح المقنع - ت ابن دهيش ط 3 - المجلد 1 (الجزء 1 من 4),ابن المنجى، أبو البركات,غير مذكور,الممتع_في_شرح_المقنع_-_ت_ابن_دهيش_ط_3_Part_01.md
الفقه الحنبلي,الممتع في شرح المقنع - ت ابن دهيش ط 3 - المجلد 1 (الجزء 2 من 4),ابن المنجى، أبو البركات,غير مذكور,الممتع_في_شرح_المقنع_-_ت_ابن_دهيش_ط_3_Part_02.md
الفقه الحنبلي,الممتع في شرح المقنع - ت ابن دهيش ط 3 - المجلد 1 (الجزء 3 من 4),ابن المنجى، أبو البركات,غير مذكور,الممتع_في_شرح_المقنع_-_ت_ابن_دهيش_ط_3_Part_03.md
الفقه الحنبلي,الممتع في شرح المقنع - ت ابن دهيش ط 3 - المجلد 1 (الجزء 4 من 4),ابن المنجى، أبو البركات,غير مذكور,الممتع_في_شرح_المقنع_-_ت_ابن_دهيش_ط_3_Part_04.md
الفقه الحنبلي,المنح الشافيات بشرح مفردات الإمام أحمد,البهوتي,1051,المنح_الشافيات_بشرح_مفردات_الإمام_أحمد.md
الفقه الحنبلي,المنهج الصحيح في الجمع بين ما في المقنع والتنقيح,شهاب الدين العسكري,910,المنهج_الصحيح_في_الجمع_بين_ما_في_المقنع_والتنقيح.md
الفقه الحنبلي,المنور في راجح المحرر,تقي الدين الأدمي,نحو 749,المنور_في_راجح_المحرر.md
الفقه الحنبلي,النكت والفوائد السنية على مشكل المحرر,ابن مفلح,763,النكت_والفوائد_السنية_على_مشكل_المحرر.md
الفقه الحنبلي,الهداية على مذهب الإمام أحمد,أبو الخطاب الكلوذاني,510,الهداية_على_مذهب_الإمام_أحمد.md
الفقه الحنبلي,الوجيز في الفقه على مذهب الإمام أحمد بن حنبل,الحسين بن يوسف الدجيلي,732,الوجيز_في_الفقه_على_مذهب_الإمام_أحمد_بن_حنبل.md
الفقه الحنبلي,الوقوف والترجل - من «الجامع» للخلال,أبو بكر الخلال,311,الوقوف_والترجل_-_من_«الجامع»_للخلال.md
الفقه الحنبلي,بداية العابد وكفاية الزاهد - ت العجمي,البعلي، عبد الرحمن بن عبد الله,1192,بداية_العابد_وكفاية_الزاهد_-_ت_العجمي.md
الفقه الحنبلي,بداية العابد وكفاية الزاهد - ت ركائز,البعلي، عبد الرحمن بن عبد الله,1192,بداية_العابد_وكفاية_الزاهد_-_ت_ركائز.md
الفقه الحنبلي,تحفة الراكع والساجد بأحكام المساجد,الجراعي,883,تحفة_الراكع_والساجد_بأحكام_المساجد.md
الفقه الحنبلي,تحقيق المطالب بشرح دليل الطالب - المنياوي - قطعة من الطهارة,أبو المنذر المنياوي,غير مذكور,تحقيق_المطالب_بشرح_دليل_الطالب_-_المنياوي_-_قطعة_من_الطهارة.md
الفقه الحنبلي,تعليقات ابن عثيمين على الكافي لابن قدامة - المجلد 1 (الجزء 1 من 4),ابن عثيمين,غير مذكور,تعليقات_ابن_عثيمين_على_الكافي_لابن_قدامة_Part_01.md
الفقه الحنبلي,تعليقات ابن عثيمين على الكافي لابن قدامة - المجلد 1 (الجزء 2 من 4),ابن عثيمين,غير مذكور,تعليقات_ابن_عثيمين_على_الكافي_لابن_قدامة_Part_02.md
الفقه الحنبلي,تعليقات ابن عثيمين على الكافي لابن قدامة - المجلد 1 (الجزء 3 من 4),ابن عثيمين,غير مذكور,تعليقات_ابن_عثيمين_على_الكافي_لابن_قدامة_Part_03.md
الفقه الحنبلي,تعليقات ابن عثيمين على الكافي لابن قدامة - المجلد 1 (الجزء 4 من 4),ابن عثيمين,غير مذكور,تعليقات_ابن_عثيمين_على_الكافي_لابن_قدامة_Part_04.md
الفقه الحنبلي,تيسير مسائل الفقه شرح الروض المربع - المجلد 1 (الجزء 1 من 5),عبد الكريم النملة,غير مذكور,تيسير_مسائل_الفقه_شرح_الروض_المربع_Part_01.md
الفقه الحنبلي,تيسير مسائل الفقه شرح الروض المربع - المجلد 1 (الجزء 2 من 5),عبد الكريم النملة,غير مذكور,تيسير_مسائل_الفقه_شرح_الروض_المربع_Part_02.md
الفقه الحنبلي,تيسير مسائل الفقه شرح الروض المربع - المجلد 1 (الجزء 3 من 5),عبد الكريم النملة,غير مذكور,تيسير_مسائل_الفقه_شرح_الروض_المربع_Part_03.md
الفقه الحنبلي,تيسير مسائل الفقه شرح الروض المربع - المجلد 1 (الجزء 4 من 5),عبد الكريم النملة,غير مذكور,تيسير_مسائل_الفقه_شرح_الروض_المربع_Part_04.md
الفقه الحنبلي,تيسير مسائل الفقه شرح الروض المربع - المجلد 1 (الجزء 5 من 5),عبد الكريم النملة,غير مذكور,تيسير_مسائل_الفقه_شرح_الروض_المربع_Part_05.md
الفقه الحنبلي,جزء في مسائل عن أبي عبد الله أحمد بن حنبل,أبو القاسم البغوي,317,جزء_في_مسائل_عن_أبي_عبد_الله_أحمد_بن_حنبل.md
الفقه الحنبلي,حاشية ابن قائد على منتهى الإرادات,ابن قائد,1097,حاشية_ابن_قائد_على_منتهى_الإرادات.md
الفقه الحنبلي,حاشية الخلوتي على منتهى الإرادات - المجلد 1 (الجزء 1 من 3),الخلوتي,غير مذكور,حاشية_الخلوتي_على_منتهى_الإرادات_Part_01.md
الفقه الحنبلي,حاشية الخلوتي على منتهى الإرادات - المجلد 1 (الجزء 2 من 3),الخلوتي,غير مذكور,حاشية_الخلوتي_على_منتهى_الإرادات_Part_02.md
الفقه الحنبلي,حاشية الخلوتي على منتهى الإرادات - المجلد 1 (الجزء 3 من 3),الخلوتي,غير مذكور,حاشية_الخلوتي_على_منتهى_الإرادات_Part_03.md
الفقه الحنبلي,حاشية الروض المربع لابن قاسم,عبد الرحمن بن قاسم,1392,حاشية_الروض_المربع_لابن_قاسم.md
الفقه الحنبلي,حاشية اللبدي على نيل المآرب,عبد الغني اللبدي,1319,حاشية_اللبدي_على_نيل_المآرب.md
الفقه الحنبلي,دروس فقهية - اللهيميد - المجلد 1 (الجزء 1 من 4),سليمان بن محمد اللهيميد,غير مذكور,دروس_فقهية_-_اللهيميد_Part_01.md
الفقه الحنبلي,دروس فقهية - اللهيميد - المجلد 1 (الجزء 2 من 4),سليمان بن محمد اللهيميد,غير مذكور,دروس_فقهية_-_اللهيميد_Part_02.md
الفقه الحنبلي,دروس فقهية - اللهيميد - المجلد 1 (الجزء 3 من 4),سليمان بن محمد اللهيميد,غير مذكور,دروس_فقهية_-_اللهيميد_Part_03.md
الفقه الحنبلي,دروس فقهية - اللهيميد - المجلد 1 (الجزء 4 من 4),سليمان بن محمد اللهيميد,غير مذكور,دروس_فقهية_-_اللهيميد_Part_04.md
الفقه الحنبلي,دليل الطالب لنيل المطالب,مرعي الكرمي,1033,دليل_الطالب_لنيل_المطالب.md
الفقه الحنبلي,زاد المستقنع في اختصار المقنع - ت العسكر,الحجاوي,968,زاد_المستقنع_في_اختصار_المقنع_-_ت_العسكر.md
الفقه الحنبلي,سجود التلاوة معانيه وأحكامه,ابن تيمية,728,سجود_التلاوة_معانيه_وأحكامه.md
الفقه الحنبلي,سنة الجمعة,ابن تيمية,728,سنة_الجمعة.md
الفقه الحنبلي,شرح أخصر المختصرات لابن جبرين - المجلد 1 (الجزء 1 من 3),ابن جبرين,غير مذكور,شرح_أخصر_المختصرات_لابن_جبرين_Part_01.md
الفقه الحنبلي,شرح أخصر المختصرات لابن جبرين - المجلد 1 (الجزء 2 من 3),ابن جبرين,غير مذكور,شرح_أخصر_المختصرات_لابن_جبرين_Part_02.md
الفقه الحنبلي,شرح أخصر المختصرات لابن جبرين - المجلد 1 (الجزء 3 من 3),ابن جبرين,غير مذكور,شرح_أخصر_المختصرات_لابن_جبرين_Part_03.md
الفقه الحنبلي,شرح الزركشي على مختصر الخرقي - المجلد 1 (الجزء 1 من 4),الزركشي الحنبلي,غير مذكور,شرح_الزركشي_على_مختصر_الخرقي_Part_01.md
الفقه الحنبلي,شرح الزركشي على مختصر الخرقي - المجلد 1 (الجزء 2 من 4),الزركشي الحنبلي,غير مذكور,شرح_الزركشي_على_مختصر_الخرقي_Part_02.md
الفقه الحنبلي,شرح الزركشي على مختصر الخرقي - المجلد 1 (الجزء 3 من 4),الزركشي الحنبلي,غير مذكور,شرح_الزركشي_على_مختصر_الخرقي_Part_03.md
الفقه الحنبلي,شرح الزركشي على مختصر الخرقي - المجلد 1 (الجزء 4 من 4),الزركشي الحنبلي,غير مذكور,شرح_الزركشي_على_مختصر_الخرقي_Part_04.md
الفقه الحنبلي,شرح المقنع للبهاء المقدسي,بهاء الدين المقدسي,624,شرح_المقنع_للبهاء_المقدسي.md
الفقه الحنبلي,شرح دليل الطالب - عبد الله المقدسي - المجلد 1 (الجزء 1 من 2),عبد الله المقدسي,غير مذكور,شرح_دليل_الطالب_-_عبد_الله_المقدسي_Part_01.md
الفقه الحنبلي,شرح دليل الطالب - عبد الله المقدسي - المجلد 1 (الجزء 2 من 2),عبد الله المقدسي,غير مذكور,شرح_دليل_الطالب_-_عبد_الله_المقدسي_Part_02.md
الفقه الحنبلي,شرح زاد المستقنع - أحمد الخليل - المجلد 1 (الجزء 1 من 5),أحمد الخليل,غير مذكور,شرح_زاد_المستقنع_-_أحمد_الخليل_Part_01.md
الفقه الحنبلي,شرح زاد المستقنع - أحمد الخليل - المجلد 1 (الجزء 2 من 5),أحمد الخليل,غير مذكور,شرح_زاد_المستقنع_-_أحمد_الخليل_Part_02.md
الفقه الحنبلي,شرح زاد المستقنع - أحمد الخليل - المجلد 1 (الجزء 3 من 5),أحمد الخليل,غير مذكور,شرح_زاد_المستقنع_-_أحمد_الخليل_Part_03.md
الفقه الحنبلي,شرح زاد المستقنع - أحمد الخليل - المجلد 1 (الجزء 4 من 5),أحمد الخليل,غير مذكور,شرح_زاد_المستقنع_-_أحمد_الخليل_Part_04.md
الفقه الحنبلي,شرح زاد المستقنع - أحمد الخليل - المجلد 1 (الجزء 5 من 5),أحمد الخليل,غير مذكور,شرح_زاد_المستقنع_-_أحمد_الخليل_Part_05.md
الفقه الحنبلي,شرح زاد المستقنع - حمد الحمد - المجلد 1 (الجزء 1 من 5),حمد الحمد,غير مذكور,شرح_زاد_المستقنع_-_حمد_الحمد_Part_01.md
الفقه الحنبلي,شرح زاد المستقنع - حمد الحمد - المجلد 1 (الجزء 2 من 5),حمد الحمد,غير مذكور,شرح_زاد_المستقنع_-_حمد_الحمد_Part_02.md
الفقه الحنبلي,شرح زاد المستقنع - حمد الحمد - المجلد 1 (الجزء 3 من 5),حمد الحمد,غير مذكور,شرح_زاد_المستقنع_-_حمد_الحمد_Part_03.md
الفقه الحنبلي,شرح زاد المستقنع - حمد الحمد - المجلد 1 (الجزء 4 من 5),حمد الحمد,غير مذكور,شرح_زاد_المستقنع_-_حمد_الحمد_Part_04.md
الفقه الحنبلي,شرح زاد المستقنع - حمد الحمد - المجلد 1 (الجزء 5 من 5),حمد الحمد,غير مذكور,شرح_زاد_المستقنع_-_حمد_الحمد_Part_05.md
الفقه الحنبلي,شرح زاد المستقنع - عبد الكريم الخضير,عبد الكريم الخضير,غير مذكور,شرح_زاد_المستقنع_-_عبد_الكريم_الخضير.md
الفقه الحنبلي,شرح شروط الصلاة وأركانها وواجباتها لشيخ الإسلام محمد بن عبد الوهاب,عبد المحسن العباد,غير مذكور,شرح_شروط_الصلاة_وأركانها_وواجباتها_لشيخ_الإسلام_محمد_بن_عبد_الوهاب.md
الفقه الحنبلي,شرح عمدة الفقه - ابن تيمية - صفة الصلاة,ابن تيمية,728,شرح_عمدة_الفقه_-_ابن_تيمية_-_صفة_الصلاة.md
الفقه الحنبلي,شرح عمدة الفقه - ابن تيمية - ط عطاءات العلم - المجلد 1 (الجزء 1 من 3),ابن تيمية,728,شرح_عمدة_الفقه_-_ابن_تيمية_-_ط_عطاءات_العلم_Part_01.md
الفقه الحنبلي,شرح عمدة الفقه - ابن تيمية - ط عطاءات العلم - المجلد 1 (الجزء 2 من 3),ابن تيمية,728,شرح_عمدة_الفقه_-_ابن_تيمية_-_ط_عطاءات_العلم_Part_02.md
الفقه الحنبلي,شرح عمدة الفقه - ابن تيمية - ط عطاءات العلم - المجلد 1 (الجزء 3 من 3),ابن تيمية,728,شرح_عمدة_الفقه_-_ابن_تيمية_-_ط_عطاءات_العلم_Part_03.md
الفقه الحنبلي,شرح عمدة الفقه - ابن تيمية - كتاب الحج,ابن تيمية,728,شرح_عمدة_الفقه_-_ابن_تيمية_-_كتاب_الحج.md
الفقه الحنبلي,شرح عمدة الفقه - ابن تيمية - كتاب الصيام,ابن تيمية,728,شرح_عمدة_الفقه_-_ابن_تيمية_-_كتاب_الصيام.md
الفقه الحنبلي,شرح عمدة الفقه - ابن تيمية - كتاب الطهارة,ابن تيمية,728,شرح_عمدة_الفقه_-_ابن_تيمية_-_كتاب_الطهارة.md
الفقه الحنبلي,شرح عمدة الفقه - ابن تيمية - من كتاب الصلاة,ابن تيمية,728,شرح_عمدة_الفقه_-_ابن_تيمية_-_من_كتاب_الصلاة.md
الفقه الحنبلي,شرح كتاب آداب المشي إلى الصلاة أو العبادات (الصلاة، الزكاة، الصيام),محمد بن إبراهيم آل الشيخ,1389,شرح_كتاب_آداب_المشي_إلى_الصلاة_أو_العبادات_(الصلاة،_الزكاة،_الصيام).md
الفقه الحنبلي,شرح كتاب الصيام من عمدة الفقه - عبد الكريم الخضير,عبد الكريم الخضير,غير مذكور,شرح_كتاب_الصيام_من_عمدة_الفقه_-_عبد_الكريم_الخضير.md
الفقه الحنبلي,شرح مختصر الخرقي - عبد الكريم الخضير - المجلد 1 (الجزء 1 من 3),عبد الكريم الخضير,غير مذكور,شرح_مختصر_الخرقي_-_عبد_الكريم_الخضير_Part_01.md
الفقه الحنبلي,شرح مختصر الخرقي - عبد الكريم الخضير - المجلد 1 (الجزء 2 من 3),عبد الكريم الخضير,غير مذكور,شرح_مختصر_الخرقي_-_عبد_الكريم_الخضير_Part_02.md
الفقه الحنبلي,شرح مختصر الخرقي - عبد الكريم الخضير - المجلد 1 (الجزء 3 من 3),عبد الكريم الخضير,غير مذكور,شرح_مختصر_الخرقي_-_عبد_الكريم_الخضير_Part_03.md
الفقه الحنبلي,شرح منتهى الإرادات لابن النجار = معونة أولي النهى - المجلد 1 (الجزء 1 من 6),ابن النجار الفتوحي,972,شرح_منتهى_الإرادات_لابن_النجار_=_معونة_أولي_النهى_Part_01.md
الفقه الحنبلي,شرح منتهى الإرادات لابن النجار = معونة أولي النهى - المجلد 1 (الجزء 2 من 6),ابن النجار الفتوحي,972,شرح_منتهى_الإرادات_لابن_النجار_=_معونة_أولي_النهى_Part_02.md
الفقه الحنبلي,شرح منتهى الإرادات لابن النجار = معونة أولي النهى - المجلد 1 (الجزء 3 من 6),ابن النجار الفتوحي,972,شرح_منتهى_الإرادات_لابن_النجار_=_معونة_أولي_النهى_Part_03.md
الفقه الحنبلي,شرح منتهى الإرادات لابن النجار = معونة أولي النهى - المجلد 1 (الجزء 4 من 6),ابن النجار الفتوحي,972,شرح_منتهى_الإرادات_لابن_النجار_=_معونة_أولي_النهى_Part_04.md
الفقه الحنبلي,شرح منتهى الإرادات لابن النجار = معونة أولي النهى - المجلد 1 (الجزء 5 من 6),ابن النجار الفتوحي,972,شرح_منتهى_الإرادات_لابن_النجار_=_معونة_أولي_النهى_Part_05.md
الفقه الحنبلي,شرح منتهى الإرادات لابن النجار = معونة أولي النهى - المجلد 1 (الجزء 6 من 6),ابن النجار الفتوحي,972,شرح_منتهى_الإرادات_لابن_النجار_=_معونة_أولي_النهى_Part_06.md
الفقه الحنبلي,شرح منتهى الإرادات للبهوتي = دقائق أولي النهى ط عالم الكتب - المجلد 1 (الجزء 1 من 4),البهوتي,1051,شرح_منتهى_الإرادات_للبهوتي_=_دقائق_أولي_النهى_ط_عالم_الكتب_Part_01.md
الفقه الحنبلي,شرح منتهى الإرادات للبهوتي = دقائق أولي النهى ط عالم الكتب - المجلد 1 (الجزء 2 من 4),البهوتي,1051,شرح_منتهى_الإرادات_للبهوتي_=_دقائق_أولي_النهى_ط_عالم_الكتب_Part_02.md
الفقه الحنبلي,شرح منتهى الإرادات للبهوتي = دقائق أولي النهى ط عالم الكتب - المجلد 1 (الجزء 3 من 4),البهوتي,1051,شرح_منتهى_الإرادات_للبهوتي_=_دقائق_أولي_النهى_ط_عالم_الكتب_Part_03.md
الفقه الحنبلي,شرح منتهى الإرادات للبهوتي = دقائق أولي النهى ط عالم الكتب - المجلد 1 (الجزء 4 من 4),البهوتي,1051,شرح_منتهى_الإرادات_للبهوتي_=_دقائق_أولي_النهى_ط_عالم_الكتب_Part_04.md
الفقه الحنبلي,شرح منهج السالكين وتوضيح الفقه في الدين - اللهيميد - المجلد 1 (الجزء 1 من 2),سليمان بن محمد اللهيميد,غير مذكور,شرح_منهج_السالكين_وتوضيح_الفقه_في_الدين_-_اللهيميد_Part_01.md
الفقه الحنبلي,شرح منهج السالكين وتوضيح الفقه في الدين - اللهيميد - المجلد 1 (الجزء 2 من 2),سليمان بن محمد اللهيميد,غير مذكور,شرح_منهج_السالكين_وتوضيح_الفقه_في_الدين_-_اللهيميد_Part_02.md
الفقه الحنبلي,صفة المفتي والمستفتي - ت أبي جنة,ابن حمدان,695,صفة_المفتي_والمستفتي_-_ت_أبي_جنة.md
الفقه الحنبلي,عمدة الحازم في الزوائد على مختصر أبي القاسم,ابن قدامة,620,عمدة_الحازم_في_الزوائد_على_مختصر_أبي_القاسم.md
الفقه الحنبلي,عمدة الطالب لنيل المآرب,البهوتي,1051,عمدة_الطالب_لنيل_المآرب.md
الفقه الحنبلي,عمدة الفقه,ابن قدامة,620,عمدة_الفقه.md
الفقه الحنبلي,غاية المنتهى في جمع الإقناع والمنتهى ط غراس - المجلد 1 (الجزء 1 من 2),مرعي الكرمي,1033,غاية_المنتهى_في_جمع_الإقناع_والمنتهى_ط_غراس_Part_01.md
الفقه الحنبلي,غاية المنتهى في جمع الإقناع والمنتهى ط غراس - المجلد 1 (الجزء 2 من 2),مرعي الكرمي,1033,غاية_المنتهى_في_جمع_الإقناع_والمنتهى_ط_غراس_Part_02.md
الفقه الحنبلي,فتح وهاب المآرب على دليل الطالب - ت الجماز - المجلد 1 (الجزء 1 من 2),ابن عوض,غير مذكور,فتح_وهاب_المآرب_على_دليل_الطالب_-_ت_الجماز_Part_01.md
الفقه الحنبلي,فتح وهاب المآرب على دليل الطالب - ت الجماز - المجلد 1 (الجزء 2 من 2),ابن عوض,غير مذكور,فتح_وهاب_المآرب_على_دليل_الطالب_-_ت_الجماز_Part_02.md
الفقه الحنبلي,فقه الصيام والحج من دليل الطالب,حمد الحمد,غير مذكور,فقه_الصيام_والحج_من_دليل_الطالب.md
الفقه الحنبلي,فقه العبادات على المذهب الحنبلي,سعاد زرزور,غير مذكور,فقه_العبادات_على_المذهب_الحنبلي.md
الفقه الحنبلي,فيض الجليل على متن الدليل - المجلد 1 (الجزء 1 من 2),أحمد بن ناصر القعيمي,غير مذكور,فيض_الجليل_على_متن_الدليل_Part_01.md
الفقه الحنبلي,فيض الجليل على متن الدليل - المجلد 1 (الجزء 2 من 2),أحمد بن ناصر القعيمي,غير مذكور,فيض_الجليل_على_متن_الدليل_Part_02.md
الفقه الحنبلي,قاعدة تتضمن ذكر ملابس النبي وسلاحه ودوابه - القرمانية - جواب فتيا في لبس النبي,ابن تيمية,728,قاعدة_تتضمن_ذكر_ملابس_النبي_وسلاحه_ودوابه_-_القرمانية_-_جواب_فتيا_في_لبس_النبي.md
الفقه الحنبلي,قاعدة في الانغماس في العدو وهل يباح,ابن تيمية,728,قاعدة_في_الانغماس_في_العدو_وهل_يباح.md
الفقه الحنبلي,كشاف القناع عن متن الإقناع - ت مصيلحي - المجلد 1 (الجزء 1 من 6),البهوتي,1051,كشاف_القناع_عن_متن_الإقناع_-_ت_مصيلحي_Part_01.md
الفقه الحنبلي,كشاف القناع عن متن الإقناع - ت مصيلحي - المجلد 1 (الجزء 2 من 6),البهوتي,1051,كشاف_القناع_عن_متن_الإقناع_-_ت_مصيلحي_Part_02.md
الفقه الحنبلي,كشاف القناع عن متن الإقناع - ت مصيلحي - المجلد 1 (الجزء 3 من 6),البهوتي,1051,كشاف_القناع_عن_متن_الإقناع_-_ت_مصيلحي_Part_03.md
الفقه الحنبلي,كشاف القناع عن متن الإقناع - ت مصيلحي - المجلد 1 (الجزء 4 من 6),البهوتي,1051,كشاف_القناع_عن_متن_الإقناع_-_ت_مصيلحي_Part_04.md
الفقه الحنبلي,كشاف القناع عن متن الإقناع - ت مصيلحي - المجلد 1 (الجزء 5 من 6),البهوتي,1051,كشاف_القناع_عن_متن_الإقناع_-_ت_مصيلحي_Part_05.md
الفقه الحنبلي,كشاف القناع عن متن الإقناع - ت مصيلحي - المجلد 1 (الجزء 6 من 6),البهوتي,1051,كشاف_القناع_عن_متن_الإقناع_-_ت_مصيلحي_Part_06.md
الفقه الحنبلي,كشاف القناع عن متن الإقناع - ط وزارة العدل - المجلد 1 (الجزء 1 من 6),البهوتي,1051,كشاف_القناع_عن_متن_الإقناع_-_ط_وزارة_العدل_Part_01.md
الفقه الحنبلي,كشاف القناع عن متن الإقناع - ط وزارة العدل - المجلد 1 (الجزء 2 من 6),البهوتي,1051,كشاف_القناع_عن_متن_الإقناع_-_ط_وزارة_العدل_Part_02.md
الفقه الحنبلي,كشاف القناع عن متن الإقناع - ط وزارة العدل - المجلد 1 (الجزء 3 من 6),البهوتي,1051,كشاف_القناع_عن_متن_الإقناع_-_ط_وزارة_العدل_Part_03.md
الفقه الحنبلي,كشاف القناع عن متن الإقناع - ط وزارة العدل - المجلد 1 (الجزء 4 من 6),البهوتي,1051,كشاف_القناع_عن_متن_الإقناع_-_ط_وزارة_العدل_Part_04.md
الفقه الحنبلي,كشاف القناع عن متن الإقناع - ط وزارة العدل - المجلد 1 (الجزء 5 من 6),البهوتي,1051,كشاف_القناع_عن_متن_الإقناع_-_ط_وزارة_العدل_Part_05.md
الفقه الحنبلي,كشاف القناع عن متن الإقناع - ط وزارة العدل - المجلد 1 (الجزء 6 من 6),البهوتي,1051,كشاف_القناع_عن_متن_الإقناع_-_ط_وزارة_العدل_Part_06.md
الفقه الحنبلي,كشف المخدرات لشرح أخصر المختصرات,البعلي، عبد الرحمن بن عبد الله,1192,كشف_المخدرات_لشرح_أخصر_المختصرات.md
الفقه الحنبلي,كلمات السداد على متن الزاد,فيصل آل مبارك,1376,كلمات_السداد_على_متن_الزاد.md
الفقه الحنبلي,متن الموثق من عمدة الموفق - ضمن مجموع «الرفعة»,محمد بن سالم ولد عدود,1430,متن_الموثق_من_عمدة_الموفق_-_ضمن_مجموع_«الرفعة».md
الفقه الحنبلي,مجموع فيه أربع رسائل - الحجاوي,الحجاوي,968,مجموع_فيه_أربع_رسائل_-_الحجاوي.md
الفقه الحنبلي,مختصر الإفادات في ربع العبادات والآداب وزيادات,ابن بلبان الحنبلي,1083,مختصر_الإفادات_في_ربع_العبادات_والآداب_وزيادات.md
الفقه الحنبلي,مختصر الإنصاف والشرح الكبير (مطبوع ضمن مجموعة مؤلفات الشيخ محمد بن عبد الوهاب، الجزء الثاني),محمد بن عبد الوهاب,1206,مختصر_الإنصاف_والشرح_الكبير_(مطبوع_ضمن_مجموعة_مؤلفات_الشيخ_محمد_بن_عبد_الوهاب،_الجزء_الثاني).md
الفقه الحنبلي,مختصر الخرقى,الخرقي,334,مختصر_الخرقى.md
الفقه الحنبلي,مختصر الفتاوى المصرية - ط الفقي,بدر الدين البعلي,778,مختصر_الفتاوى_المصرية_-_ط_الفقي.md
الفقه الحنبلي,مختصر الفتاوى المصرية - ط ركائز,بدر الدين البعلي,778,مختصر_الفتاوى_المصرية_-_ط_ركائز.md
الفقه الحنبلي,مختصر خوقير في فقه الإمام أحمد,أبو بكر خوقير,1349,مختصر_خوقير_في_فقه_الإمام_أحمد.md
الفقه الحنبلي,مدارج تفقه الحنبلي,أحمد بن ناصر القعيمي,غير مذكور,مدارج_تفقه_الحنبلي.md
الفقه الحنبلي,مذكرة القول الراجح مع الدليل - الصلاة,خالد بن إبراهيم الصقعبي,غير مذكور,مذكرة_القول_الراجح_مع_الدليل_-_الصلاة.md
الفقه الحنبلي,مذكرة القول الراجح مع الدليل - الطهارة,خالد بن إبراهيم الصقعبي,غير مذكور,مذكرة_القول_الراجح_مع_الدليل_-_الطهارة.md
الفقه الحنبلي,مسألة فى المرابطة بالثغور أفضل أم المجاورة بمكة شرفها الله تعالى,ابن تيمية,728,مسألة_فى_المرابطة_بالثغور_أفضل_أم_المجاورة_بمكة_شرفها_الله_تعالى.md
الفقه الحنبلي,مسائل الإمام أحمد رواية أبي داود السجستاني,أحمد بن حنبل,241,مسائل_الإمام_أحمد_رواية_أبي_داود_السجستاني.md
الفقه الحنبلي,مسائل الإمام أحمد رواية ابنه أبي الفضل صالح,أحمد بن حنبل,241,مسائل_الإمام_أحمد_رواية_ابنه_أبي_الفضل_صالح.md
الفقه الحنبلي,مسائل الإمام أحمد رواية ابنه عبد الله,أحمد بن حنبل,241,مسائل_الإمام_أحمد_رواية_ابنه_عبد_الله.md
الفقه الحنبلي,مسائل الإمام أحمد وإسحاق بن راهويه - المجلد 1 (الجزء 1 من 2),إسحاق بن منصور الكوسج,غير مذكور,مسائل_الإمام_أحمد_وإسحاق_بن_راهويه_Part_01.md
الفقه الحنبلي,مسائل الإمام أحمد وإسحاق بن راهويه - المجلد 1 (الجزء 2 من 2),إسحاق بن منصور الكوسج,غير مذكور,مسائل_الإمام_أحمد_وإسحاق_بن_راهويه_Part_02.md
الفقه الحنبلي,مسائل حرب الكرماني كتاب الطهارة - ت عامر بهجت,حرب الكرماني,280,مسائل_حرب_الكرماني_كتاب_الطهارة_-_ت_عامر_بهجت.md
الفقه الحنبلي,مسائل حرب الكرماني كتاب الطهارة والصلاة - ت السريع,حرب الكرماني,280,مسائل_حرب_الكرماني_كتاب_الطهارة_والصلاة_-_ت_السريع.md
الفقه الحنبلي,مسائل حرب الكرماني من أول كتاب الصلاة - ت الغامدي,حرب الكرماني,280,مسائل_حرب_الكرماني_من_أول_كتاب_الصلاة_-_ت_الغامدي.md
الفقه الحنبلي,مسائل حرب الكرماني من كتاب النكاح إلى نهاية الكتاب - ت فايز حابس,حرب الكرماني,280,مسائل_حرب_الكرماني_من_كتاب_النكاح_إلى_نهاية_الكتاب_-_ت_فايز_حابس.md
الفقه الحنبلي,مسلك الراغب لشرح دليل الطالب - ت الهزاني وإدريس,إبراهيم العوفي الصالحي,1094,مسلك_الراغب_لشرح_دليل_الطالب_-_ت_الهزاني_وإدريس.md
الفقه الحنبلي,مسلك الراغب لشرح دليل الطالب - ت تركي النصر,إبراهيم العوفي الصالحي,1094,مسلك_الراغب_لشرح_دليل_الطالب_-_ت_تركي_النصر.md
الفقه الحنبلي,مطالب أولي النهى في شرح غاية المنتهى - المجلد 1 (الجزء 1 من 6),الرحيباني,غير مذكور,مطالب_أولي_النهى_في_شرح_غاية_المنتهى_Part_01.md
الفقه الحنبلي,مطالب أولي النهى في شرح غاية المنتهى - المجلد 1 (الجزء 2 من 6),الرحيباني,غير مذكور,مطالب_أولي_النهى_في_شرح_غاية_المنتهى_Part_02.md
الفقه الحنبلي,مطالب أولي النهى في شرح غاية المنتهى - المجلد 1 (الجزء 3 من 6),الرحيباني,غير مذكور,مطالب_أولي_النهى_في_شرح_غاية_المنتهى_Part_03.md
الفقه الحنبلي,مطالب أولي النهى في شرح غاية المنتهى - المجلد 1 (الجزء 4 من 6),الرحيباني,غير مذكور,مطالب_أولي_النهى_في_شرح_غاية_المنتهى_Part_04.md
الفقه الحنبلي,مطالب أولي النهى في شرح غاية المنتهى - المجلد 1 (الجزء 5 من 6),الرحيباني,غير مذكور,مطالب_أولي_النهى_في_شرح_غاية_المنتهى_Part_05.md
الفقه الحنبلي,مطالب أولي النهى في شرح غاية المنتهى - المجلد 1 (الجزء 6 من 6),الرحيباني,غير مذكور,مطالب_أولي_النهى_في_شرح_غاية_المنتهى_Part_06.md
الفقه الحنبلي,منار السبيل في شرح الدليل,ابن ضويان,1353,منار_السبيل_في_شرح_الدليل.md
الفقه الحنبلي,منتهى الإرادات في جمع المقنع مع التنقيح وزيادات - ت التركي,ابن النجار الفتوحي,972,منتهى_الإرادات_في_جمع_المقنع_مع_التنقيح_وزيادات_-_ت_التركي.md
الفقه الحنبلي,منية الساجد بشرح بداية العابد وكفاية الزاهد,أنس بن عادل اليتامى,غير مذكور,منية_الساجد_بشرح_بداية_العابد_وكفاية_الزاهد.md
الفقه الحنبلي,نقد مراتب الإجماع,ابن تيمية,728,نقد_مراتب_الإجماع.md
الفقه الحنبلي,نيل المآرب بشرح دليل الطالب,ابن أبي تغلب,1135,نيل_المآرب_بشرح_دليل_الطالب.md
الفقه الحنبلي,هداية الراغب شرح عمدة الطالب - مع حاشية ابن عوض - ت التركي - المجلد 1 (الجزء 1 من 2),ابن قائد,1097,هداية_الراغب_شرح_عمدة_الطالب_-_مع_حاشية_ابن_عوض_-_ت_التركي_Part_01.md
الفقه الحنبلي,هداية الراغب شرح عمدة الطالب - مع حاشية ابن عوض - ت التركي - المجلد 1 (الجزء 2 من 2),ابن قائد,1097,هداية_الراغب_شرح_عمدة_الطالب_-_مع_حاشية_ابن_عوض_-_ت_التركي_Part_02.md
الفقه الحنبلي,هداية الراغب لشرح عمدة الطالب - ط ركائز,ابن قائد,1097,هداية_الراغب_لشرح_عمدة_الطالب_-_ط_ركائز.md
الفقه الحنبلي,وبل الغمامة في شرح عمدة الفقه لابن قدامة - المجلد 1 (الجزء 1 من 3),عبد الله الطيار,غير مذكور,وبل_الغمامة_في_شرح_عمدة_الفقه_لابن_قدامة_Part_01.md
الفقه الحنبلي,وبل الغمامة في شرح عمدة الفقه لابن قدامة - المجلد 1 (الجزء 2 من 3),عبد الله الطيار,غير مذكور,وبل_الغمامة_في_شرح_عمدة_الفقه_لابن_قدامة_Part_02.md
الفقه الحنبلي,وبل الغمامة في شرح عمدة الفقه لابن قدامة - المجلد 1 (الجزء 3 من 3),عبد الله الطيار,غير مذكور,وبل_الغمامة_في_شرح_عمدة_الفقه_لابن_قدامة_Part_03.md
الفقه المالكي,أجوبة التسولي عن مسائل الأمير عبد القادر في الجهاد,التسولي,1258,أجوبة_التسولي_عن_مسائل_الأمير_عبد_القادر_في_الجهاد.md
الفقه المالكي,أسهل المدارك «شرح إرشاد السالك في مذهب إمام الأئمة مالك» - المجلد 1 (الجزء 1 من 2),الكشناوي، أبو بكر,غير مذكور,أسهل_المدارك_«شرح_إرشاد_السالك_في_مذهب_إمام_الأئمة_مالك»_Part_01.md
الفقه المالكي,أسهل المدارك «شرح إرشاد السالك في مذهب إمام الأئمة مالك» - المجلد 1 (الجزء 2 من 2),الكشناوي، أبو بكر,غير مذكور,أسهل_المدارك_«شرح_إرشاد_السالك_في_مذهب_إمام_الأئمة_مالك»_Part_02.md
الفقه المالكي,أسهل المسالك في مذهب الإمام مالك - ضمن مجموع «الرفعة»,محمد البشار,بعد 1161,أسهل_المسالك_في_مذهب_الإمام_مالك_-_ضمن_مجموع_«الرفعة».md
الفقه المالكي,إرشاد السالك إلى أشرف المسالك في فقه الإمام مالك,ابن عسكر,732,إرشاد_السالك_إلى_أشرف_المسالك_في_فقه_الإمام_مالك.md
الفقه المالكي,إرشاد السالك إلى أفعال المناسك,ابن فرحون، برهان الدين,799,إرشاد_السالك_إلى_أفعال_المناسك.md
الفقه المالكي,اختلاف أقوال مالك وأصحابه,ابن عبد البر,463,اختلاف_أقوال_مالك_وأصحابه.md
الفقه المالكي,اصطلاح المذهب عند المالكية,محمد إبراهيم علي,غير مذكور,اصطلاح_المذهب_عند_المالكية.md
الفقه المالكي,الأحكام لعبد الملك بن حبيب,عبد الملك بن حبيب,238,الأحكام_لعبد_الملك_بن_حبيب.md
الفقه المالكي,الإشراف على نكت مسائل الخلاف,القاضي عبد الوهاب,422,الإشراف_على_نكت_مسائل_الخلاف.md
الفقه المالكي,البيان والتحصيل - المجلد 1 (الجزء 1 من 12),ابن رشد الجد,غير مذكور,البيان_والتحصيل_Part_01.md
الفقه المالكي,البيان والتحصيل - المجلد 1 (الجزء 2 من 12),ابن رشد الجد,غير مذكور,البيان_والتحصيل_Part_02.md
الفقه المالكي,البيان والتحصيل - المجلد 1 (الجزء 3 من 12),ابن رشد الجد,غير مذكور,البيان_والتحصيل_Part_03.md
الفقه المالكي,البيان والتحصيل - المجلد 1 (الجزء 4 من 12),ابن رشد الجد,غير مذكور,البيان_والتحصيل_Part_04.md
الفقه المالكي,البيان والتحصيل - المجلد 1 (الجزء 5 من 12),ابن رشد الجد,غير مذكور,البيان_والتحصيل_Part_05.md
الفقه المالكي,البيان والتحصيل - المجلد 1 (الجزء 6 من 12),ابن رشد الجد,غير مذكور,البيان_والتحصيل_Part_06.md
الفقه المالكي,البيان والتحصيل - المجلد 1 (الجزء 7 من 12),ابن رشد الجد,غير مذكور,البيان_والتحصيل_Part_07.md
الفقه المالكي,البيان والتحصيل - المجلد 1 (الجزء 8 من 12),ابن رشد الجد,غير مذكور,البيان_والتحصيل_Part_08.md
الفقه المالكي,البيان والتحصيل - المجلد 1 (الجزء 9 من 12),ابن رشد الجد,غير مذكور,البيان_والتحصيل_Part_09.md
الفقه المالكي,البيان والتحصيل - المجلد 1 (الجزء 10 من 12),ابن رشد الجد,غير مذكور,البيان_والتحصيل_Part_10.md
الفقه المالكي,البيان والتحصيل - المجلد 1 (الجزء 11 من 12),ابن رشد الجد,غير مذكور,البيان_والتحصيل_Part_11.md
الفقه المالكي,البيان والتحصيل - المجلد 1 (الجزء 12 من 12),ابن رشد الجد,غير مذكور,البيان_والتحصيل_Part_12.md
الفقه المالكي,التاج والإكليل لمختصر خليل - المجلد 1 (الجزء 1 من 4),محمد بن يوسف المواق,غير مذكور,التاج_والإكليل_لمختصر_خليل_Part_01.md
الفقه المالكي,التاج والإكليل لمختصر خليل - المجلد 1 (الجزء 2 من 4),محمد بن يوسف المواق,غير مذكور,التاج_والإكليل_لمختصر_خليل_Part_02.md
الفقه المالكي,التاج والإكليل لمختصر خليل - المجلد 1 (الجزء 3 من 4),محمد بن يوسف المواق,غير مذكور,التاج_والإكليل_لمختصر_خليل_Part_03.md
الفقه المالكي,التاج والإكليل لمختصر خليل - المجلد 1 (الجزء 4 من 4),محمد بن يوسف المواق,غير مذكور,التاج_والإكليل_لمختصر_خليل_Part_04.md
الفقه المالكي,التبصرة للخمي - المجلد 1 (الجزء 1 من 6),اللخمي، أبو الحسن,غير مذكور,التبصرة_للخمي_Part_01.md
الفقه المالكي,التبصرة للخمي - المجلد 1 (الجزء 2 من 6),اللخمي، أبو الحسن,غير مذكور,التبصرة_للخمي_Part_02.md
الفقه المالكي,التبصرة للخمي - المجلد 1 (الجزء 3 من 6),اللخمي، أبو الحسن,غير مذكور,التبصرة_للخمي_Part_03.md
الفقه المالكي,التبصرة للخمي - المجلد 1 (الجزء 4 من 6),اللخمي، أبو الحسن,غير مذكور,التبصرة_للخمي_Part_04.md
الفقه المالكي,التبصرة للخمي - المجلد 1 (الجزء 5 من 6),اللخمي، أبو الحسن,غير مذكور,التبصرة_للخمي_Part_05.md
الفقه المالكي,التبصرة للخمي - المجلد 1 (الجزء 6 من 6),اللخمي، أبو الحسن,غير مذكور,التبصرة_للخمي_Part_06.md
الفقه المالكي,التفريع في فقه الإمام مالك بن أنس,ابن الجلاب,378,التفريع_في_فقه_الإمام_مالك_بن_أنس.md
الفقه المالكي,التلقين في الفقة المالكي,القاضي عبد الوهاب,422,التلقين_في_الفقة_المالكي.md
الفقه المالكي,التنبيه على مبادئ التوجيه - قسم العبادات,أبو الطاهر ابن بشير,بعد 536,التنبيه_على_مبادئ_التوجيه_-_قسم_العبادات.md
الفقه المالكي,التنبيهات المستنبطة على الكتب المدونة والمختلطة - المجلد 1 (الجزء 1 من 2),القاضي عياض,غير مذكور,التنبيهات_المستنبطة_على_الكتب_المدونة_والمختلطة_Part_01.md
الفقه المالكي,التنبيهات المستنبطة على الكتب المدونة والمختلطة - المجلد 1 (الجزء 2 من 2),القاضي عياض,غير مذكور,التنبيهات_المستنبطة_على_الكتب_المدونة_والمختلطة_Part_02.md
الفقه المالكي,التهذيب في اختصار المدونة - المجلد 1 (الجزء 1 من 2),أبو سعيد ابن البراذعي,غير مذكور,التهذيب_في_اختصار_المدونة_Part_01.md
الفقه المالكي,التهذيب في اختصار المدونة - المجلد 1 (الجزء 2 من 2),أبو سعيد ابن البراذعي,غير مذكور,التهذيب_في_اختصار_المدونة_Part_02.md
الفقه المالكي,التوسط بين مالك وابن القاسم في المسائل التي اختلفا فيها من مسائل المدونة,الجبيري,378,التوسط_بين_مالك_وابن_القاسم_في_المسائل_التي_اختلفا_فيها_من_مسائل_المدونة.md
الفقه المالكي,التوضيح في شرح مختصر ابن الحاجب - المجلد 1 (الجزء 1 من 7),خليل بن إسحاق الجندي,776,التوضيح_في_شرح_مختصر_ابن_الحاجب_Part_01.md
الفقه المالكي,التوضيح في شرح مختصر ابن الحاجب - المجلد 1 (الجزء 2 من 7),خليل بن إسحاق الجندي,776,التوضيح_في_شرح_مختصر_ابن_الحاجب_Part_02.md
الفقه المالكي,التوضيح في شرح مختصر ابن الحاجب - المجلد 1 (الجزء 3 من 7),خليل بن إسحاق الجندي,776,التوضيح_في_شرح_مختصر_ابن_الحاجب_Part_03.md
الفقه المالكي,التوضيح في شرح مختصر ابن الحاجب - المجلد 1 (الجزء 4 من 7),خليل بن إسحاق الجندي,776,التوضيح_في_شرح_مختصر_ابن_الحاجب_Part_04.md
الفقه المالكي,التوضيح في شرح مختصر ابن الحاجب - المجلد 1 (الجزء 5 من 7),خليل بن إسحاق الجندي,776,التوضيح_في_شرح_مختصر_ابن_الحاجب_Part_05.md
الفقه المالكي,التوضيح في شرح مختصر ابن الحاجب - المجلد 1 (الجزء 6 من 7),خليل بن إسحاق الجندي,776,التوضيح_في_شرح_مختصر_ابن_الحاجب_Part_06.md
الفقه المالكي,التوضيح في شرح مختصر ابن الحاجب - المجلد 1 (الجزء 7 من 7),خليل بن إسحاق الجندي,776,التوضيح_في_شرح_مختصر_ابن_الحاجب_Part_07.md
الفقه المالكي,الثمر الداني شرح رسالة ابن أبي زيد القيرواني,صالح بن عبد السميع الأزهري,1335,الثمر_الداني_شرح_رسالة_ابن_أبي_زيد_القيرواني.md
الفقه المالكي,الجامع لمسائل المدونة - المجلد 1 (الجزء 1 من 8),ابن يونس الصقلي,غير مذكور,الجامع_لمسائل_المدونة_Part_01.md
الفقه المالكي,الجامع لمسائل المدونة - المجلد 1 (الجزء 2 من 8),ابن يونس الصقلي,غير مذكور,الجامع_لمسائل_المدونة_Part_02.md
الفقه المالكي,الجامع لمسائل المدونة - المجلد 1 (الجزء 3 من 8),ابن يونس الصقلي,غير مذكور,الجامع_لمسائل_المدونة_Part_03.md
الفقه المالكي,الجامع لمسائل المدونة - المجلد 1 (الجزء 4 من 8),ابن يونس الصقلي,غير مذكور,الجامع_لمسائل_المدونة_Part_04.md
الفقه المالكي,الجامع لمسائل المدونة - المجلد 1 (الجزء 5 من 8),ابن يونس الصقلي,غير مذكور,الجامع_لمسائل_المدونة_Part_05.md
الفقه المالكي,الجامع لمسائل المدونة - المجلد 1 (الجزء 6 من 8),ابن يونس الصقلي,غير مذكور,الجامع_لمسائل_المدونة_Part_06.md
الفقه المالكي,الجامع لمسائل المدونة - المجلد 1 (الجزء 7 من 8),ابن يونس الصقلي,غير مذكور,الجامع_لمسائل_المدونة_Part_07.md
الفقه المالكي,الجامع لمسائل المدونة - المجلد 1 (الجزء 8 من 8),ابن يونس الصقلي,غير مذكور,الجامع_لمسائل_المدونة_Part_08.md
الفقه المالكي,الجواهر الكنزية لنظم ما جمع في العزية,محمد باي بلعالم,1430,الجواهر_الكنزية_لنظم_ما_جمع_في_العزية.md
الفقه المالكي,الخلاصة الفقهية على مذهب السادة المالكية,محمد العربي القروي المالكي,غير مذكور,الخلاصة_الفقهية_على_مذهب_السادة_المالكية.md
الفقه المالكي,الدر الثمين والمورد المعين - المجلد 1 (الجزء 1 من 2),ميارة,غير مذكور,الدر_الثمين_والمورد_المعين_Part_01.md
الفقه المالكي,الدر الثمين والمورد المعين - المجلد 1 (الجزء 2 من 2),ميارة,غير مذكور,الدر_الثمين_والمورد_المعين_Part_02.md
الفقه المالكي,الذب عن مذهب الإمام مالك,ابن أبي زيد القيرواني,386,الذب_عن_مذهب_الإمام_مالك.md
الفقه المالكي,الذخيرة للقرافي - المجلد 1 (الجزء 1 من 7),القرافي,غير مذكور,الذخيرة_للقرافي_Part_01.md
الفقه المالكي,الذخيرة للقرافي - المجلد 1 (الجزء 2 من 7),القرافي,غير مذكور,الذخيرة_للقرافي_Part_02.md
الفقه المالكي,الذخيرة للقرافي - المجلد 1 (الجزء 3 من 7),القرافي,غير مذكور,الذخيرة_للقرافي_Part_03.md
الفقه المالكي,الذخيرة للقرافي - المجلد 1 (الجزء 4 من 7),القرافي,غير مذكور,الذخيرة_للقرافي_Part_04.md
الفقه المالكي,الذخيرة للقرافي - المجلد 1 (الجزء 5 من 7),القرافي,غير مذكور,الذخيرة_للقرافي_Part_05.md
الفقه المالكي,الذخيرة للقرافي - المجلد 1 (الجزء 6 من 7),القرافي,غير مذكور,الذخيرة_للقرافي_Part_06.md
الفقه المالكي,الذخيرة للقرافي - المجلد 1 (الجزء 7 من 7),القرافي,غير مذكور,الذخيرة_للقرافي_Part_07.md
الفقه المالكي,الرد على الشافعي لابن اللباد,أبو بكر ابن اللباد,333,الرد_على_الشافعي_لابن_اللباد.md
الفقه المالكي,الرسالة لابن أبي زيد القيرواني,ابن أبي زيد القيرواني,386,الرسالة_لابن_أبي_زيد_القيرواني.md
الفقه المالكي,الرسالة لابن أبي زيد القيرواني - نسخة التتائي,ابن أبي زيد القيرواني,386,الرسالة_لابن_أبي_زيد_القيرواني_-_نسخة_التتائي.md
الفقه المالكي,الشامل في فقه الإمام مالك - المجلد 1 (الجزء 1 من 2),بهرام الدميري,غير مذكور,الشامل_في_فقه_الإمام_مالك_Part_01.md
الفقه المالكي,الشامل في فقه الإمام مالك - المجلد 1 (الجزء 2 من 2),بهرام الدميري,غير مذكور,الشامل_في_فقه_الإمام_مالك_Part_02.md
الفقه المالكي,الشرح الكبير للشيخ الدردير وحاشية الدسوقي - المجلد 1 (الجزء 1 من 9),محمد بن أحمد الدسوقي,غير مذكور,الشرح_الكبير_للشيخ_الدردير_وحاشية_الدسوقي_Part_01.md
الفقه المالكي,الشرح الكبير للشيخ الدردير وحاشية الدسوقي - المجلد 1 (الجزء 2 من 9),محمد بن أحمد الدسوقي,غير مذكور,الشرح_الكبير_للشيخ_الدردير_وحاشية_الدسوقي_Part_02.md
الفقه المالكي,الشرح الكبير للشيخ الدردير وحاشية الدسوقي - المجلد 1 (الجزء 3 من 9),محمد بن أحمد الدسوقي,غير مذكور,الشرح_الكبير_للشيخ_الدردير_وحاشية_الدسوقي_Part_03.md
الفقه المالكي,الشرح الكبير للشيخ الدردير وحاشية الدسوقي - المجلد 1 (الجزء 4 من 9),محمد بن أحمد الدسوقي,غير مذكور,الشرح_الكبير_للشيخ_الدردير_وحاشية_الدسوقي_Part_04.md
الفقه المالكي,الشرح الكبير للشيخ الدردير وحاشية الدسوقي - المجلد 1 (الجزء 5 من 9),محمد بن أحمد الدسوقي,غير مذكور,الشرح_الكبير_للشيخ_الدردير_وحاشية_الدسوقي_Part_05.md
الفقه المالكي,الشرح الكبير للشيخ الدردير وحاشية الدسوقي - المجلد 1 (الجزء 6 من 9),محمد بن أحمد الدسوقي,غير مذكور,الشرح_الكبير_للشيخ_الدردير_وحاشية_الدسوقي_Part_06.md
الفقه المالكي,الشرح الكبير للشيخ الدردير وحاشية الدسوقي - المجلد 1 (الجزء 7 من 9),محمد بن أحمد الدسوقي,غير مذكور,الشرح_الكبير_للشيخ_الدردير_وحاشية_الدسوقي_Part_07.md
الفقه المالكي,الشرح الكبير للشيخ الدردير وحاشية الدسوقي - المجلد 1 (الجزء 8 من 9),محمد بن أحمد الدسوقي,غير مذكور,الشرح_الكبير_للشيخ_الدردير_وحاشية_الدسوقي_Part_08.md
الفقه المالكي,الشرح الكبير للشيخ الدردير وحاشية الدسوقي - المجلد 1 (الجزء 9 من 9),محمد بن أحمد الدسوقي,غير مذكور,الشرح_الكبير_للشيخ_الدردير_وحاشية_الدسوقي_Part_09.md
الفقه المالكي,العجالة في شرح الرسالة - المجلد 1 (الجزء 1 من 4),ابن حنيفة العابدين,غير مذكور,العجالة_في_شرح_الرسالة_Part_01.md
الفقه المالكي,العجالة في شرح الرسالة - المجلد 1 (الجزء 2 من 4),ابن حنيفة العابدين,غير مذكور,العجالة_في_شرح_الرسالة_Part_02.md
الفقه المالكي,العجالة في شرح الرسالة - المجلد 1 (الجزء 3 من 4),ابن حنيفة العابدين,غير مذكور,العجالة_في_شرح_الرسالة_Part_03.md
الفقه المالكي,العجالة في شرح الرسالة - المجلد 1 (الجزء 4 من 4),ابن حنيفة العابدين,غير مذكور,العجالة_في_شرح_الرسالة_Part_04.md
الفقه المالكي,الفواكه الدواني على رسالة ابن أبي زيد القيرواني - المجلد 1 (الجزء 1 من 3),النفراوي,غير مذكور,الفواكه_الدواني_على_رسالة_ابن_أبي_زيد_القيرواني_Part_01.md
الفقه المالكي,الفواكه الدواني على رسالة ابن أبي زيد القيرواني - المجلد 1 (الجزء 2 من 3),النفراوي,غير مذكور,الفواكه_الدواني_على_رسالة_ابن_أبي_زيد_القيرواني_Part_02.md
الفقه المالكي,الفواكه الدواني على رسالة ابن أبي زيد القيرواني - المجلد 1 (الجزء 3 من 3),النفراوي,غير مذكور,الفواكه_الدواني_على_رسالة_ابن_أبي_زيد_القيرواني_Part_03.md
الفقه المالكي,القوانين الفقهية,ابن جزي الكلبي,741,القوانين_الفقهية.md
الفقه المالكي,الكافي في فقه أهل المدينة - المجلد 1 (الجزء 1 من 2),ابن عبد البر,463,الكافي_في_فقه_أهل_المدينة_Part_01.md
الفقه المالكي,الكافي في فقه أهل المدينة - المجلد 1 (الجزء 2 من 2),ابن عبد البر,463,الكافي_في_فقه_أهل_المدينة_Part_02.md
الفقه المالكي,الكوكب الزهري نظم مختصر الأخضري,محمد باي بلعالم,1430,الكوكب_الزهري_نظم_مختصر_الأخضري.md
الفقه المالكي,المختصر الصغير لابن عبد الحكم «خلافيات في الفقه»,ابن عبد الحكم الفقيه,214,المختصر_الصغير_لابن_عبد_الحكم_«خلافيات_في_الفقه».md
الفقه المالكي,المختصر الفقهي لابن عرفة - المجلد 1 (الجزء 1 من 8),ابن عرفة,غير مذكور,المختصر_الفقهي_لابن_عرفة_Part_01.md
الفقه المالكي,المختصر الفقهي لابن عرفة - المجلد 1 (الجزء 2 من 8),ابن عرفة,غير مذكور,المختصر_الفقهي_لابن_عرفة_Part_02.md
الفقه المالكي,المختصر الفقهي لابن عرفة - المجلد 1 (الجزء 3 من 8),ابن عرفة,غير مذكور,المختصر_الفقهي_لابن_عرفة_Part_03.md
الفقه المالكي,المختصر الفقهي لابن عرفة - المجلد 1 (الجزء 4 من 8),ابن عرفة,غير مذكور,المختصر_الفقهي_لابن_عرفة_Part_04.md
الفقه المالكي,المختصر الفقهي لابن عرفة - المجلد 1 (الجزء 5 من 8),ابن عرفة,غير مذكور,المختصر_الفقهي_لابن_عرفة_Part_05.md
الفقه المالكي,المختصر الفقهي لابن عرفة - المجلد 1 (الجزء 6 من 8),ابن عرفة,غير مذكور,المختصر_الفقهي_لابن_عرفة_Part_06.md
الفقه المالكي,المختصر الفقهي لابن عرفة - المجلد 1 (الجزء 7 من 8),ابن عرفة,غير مذكور,المختصر_الفقهي_لابن_عرفة_Part_07.md
الفقه المالكي,المختصر الفقهي لابن عرفة - المجلد 1 (الجزء 8 من 8),ابن عرفة,غير مذكور,المختصر_الفقهي_لابن_عرفة_Part_08.md
الفقه المالكي,المدخل لابن الحاج - المجلد 1 (الجزء 1 من 2),ابن الحاج,غير مذكور,المدخل_لابن_الحاج_Part_01.md
الفقه المالكي,المدخل لابن الحاج - المجلد 1 (الجزء 2 من 2),ابن الحاج,غير مذكور,المدخل_لابن_الحاج_Part_02.md
الفقه المالكي,المدونة - المجلد 1 (الجزء 1 من 5),مالك بن أنس,غير مذكور,المدونة_Part_01.md
الفقه المالكي,المدونة - المجلد 1 (الجزء 2 من 5),مالك بن أنس,غير مذكور,المدونة_Part_02.md
الفقه المالكي,المدونة - المجلد 1 (الجزء 3 من 5),مالك بن أنس,غير مذكور,المدونة_Part_03.md
الفقه المالكي,المدونة - المجلد 1 (الجزء 4 من 5),مالك بن أنس,غير مذكور,المدونة_Part_04.md
الفقه المالكي,المدونة - المجلد 1 (الجزء 5 من 5),مالك بن أنس,غير مذكور,المدونة_Part_05.md
الفقه المالكي,المعونة على مذهب عالم المدينة - المجلد 1 (الجزء 1 من 2),القاضي عبد الوهاب,422,المعونة_على_مذهب_عالم_المدينة_Part_01.md
الفقه المالكي,المعونة على مذهب عالم المدينة - المجلد 1 (الجزء 2 من 2),القاضي عبد الوهاب,422,المعونة_على_مذهب_عالم_المدينة_Part_02.md
الفقه المالكي,المقدمات الممهدات - المجلد 1 (الجزء 1 من 3),ابن رشد الجد,غير مذكور,المقدمات_الممهدات_Part_01.md
الفقه المالكي,المقدمات الممهدات - المجلد 1 (الجزء 2 من 3),ابن رشد الجد,غير مذكور,المقدمات_الممهدات_Part_02.md
الفقه المالكي,المقدمات الممهدات - المجلد 1 (الجزء 3 من 3),ابن رشد الجد,غير مذكور,المقدمات_الممهدات_Part_03.md
الفقه المالكي,النوادر والزيادات على ما في المدونة من غيرها من الأمهات - المجلد 1 (الجزء 1 من 9),ابن أبي زيد القيرواني,386,النوادر_والزيادات_على_ما_في_المدونة_من_غيرها_من_الأمهات_Part_01.md
الفقه المالكي,النوادر والزيادات على ما في المدونة من غيرها من الأمهات - المجلد 1 (الجزء 2 من 9),ابن أبي زيد القيرواني,386,النوادر_والزيادات_على_ما_في_المدونة_من_غيرها_من_الأمهات_Part_02.md
الفقه المالكي,النوادر والزيادات على ما في المدونة من غيرها من الأمهات - المجلد 1 (الجزء 3 من 9),ابن أبي زيد القيرواني,386,النوادر_والزيادات_على_ما_في_المدونة_من_غيرها_من_الأمهات_Part_03.md
الفقه المالكي,النوادر والزيادات على ما في المدونة من غيرها من الأمهات - المجلد 1 (الجزء 4 من 9),ابن أبي زيد القيرواني,386,النوادر_والزيادات_على_ما_في_المدونة_من_غيرها_من_الأمهات_Part_04.md
الفقه المالكي,النوادر والزيادات على ما في المدونة من غيرها من الأمهات - المجلد 1 (الجزء 5 من 9),ابن أبي زيد القيرواني,386,النوادر_والزيادات_على_ما_في_المدونة_من_غيرها_من_الأمهات_Part_05.md
الفقه المالكي,النوادر والزيادات على ما في المدونة من غيرها من الأمهات - المجلد 1 (الجزء 6 من 9),ابن أبي زيد القيرواني,386,النوادر_والزيادات_على_ما_في_المدونة_من_غيرها_من_الأمهات_Part_06.md
الفقه المالكي,النوادر والزيادات على ما في المدونة من غيرها من الأمهات - المجلد 1 (الجزء 7 من 9),ابن أبي زيد القيرواني,386,النوادر_والزيادات_على_ما_في_المدونة_من_غيرها_من_الأمهات_Part_07.md
الفقه المالكي,النوادر والزيادات على ما في المدونة من غيرها من الأمهات - المجلد 1 (الجزء 8 من 9),ابن أبي زيد القيرواني,386,النوادر_والزيادات_على_ما_في_المدونة_من_غيرها_من_الأمهات_Part_08.md
الفقه المالكي,النوادر والزيادات على ما في المدونة من غيرها من الأمهات - المجلد 1 (الجزء 9 من 9),ابن أبي زيد القيرواني,386,النوادر_والزيادات_على_ما_في_المدونة_من_غيرها_من_الأمهات_Part_09.md
الفقه المالكي,بداية المجتهد ونهاية المقتصد - المجلد 1 (الجزء 1 من 2),ابن رشد الحفيد,غير مذكور,بداية_المجتهد_ونهاية_المقتصد_Part_01.md
الفقه المالكي,بداية المجتهد ونهاية المقتصد - المجلد 1 (الجزء 2 من 2),ابن رشد الحفيد,غير مذكور,بداية_المجتهد_ونهاية_المقتصد_Part_02.md
الفقه المالكي,بغية المقتصد شرح بداية المجتهد - المجلد 1 (الجزء 1 من 8),محمد بن حمود الوائلي,غير مذكور,بغية_المقتصد_شرح_بداية_المجتهد_Part_01.md
الفقه المالكي,بغية المقتصد شرح بداية المجتهد - المجلد 1 (الجزء 2 من 8),محمد بن حمود الوائلي,غير مذكور,بغية_المقتصد_شرح_بداية_المجتهد_Part_02.md
الفقه المالكي,بغية المقتصد شرح بداية المجتهد - المجلد 1 (الجزء 3 من 8),محمد بن حمود الوائلي,غير مذكور,بغية_المقتصد_شرح_بداية_المجتهد_Part_03.md
الفقه المالكي,بغية المقتصد شرح بداية المجتهد - المجلد 1 (الجزء 4 من 8),محمد بن حمود الوائلي,غير مذكور,بغية_المقتصد_شرح_بداية_المجتهد_Part_04.md
الفقه المالكي,بغية المقتصد شرح بداية المجتهد - المجلد 1 (الجزء 5 من 8),محمد بن حمود الوائلي,غير مذكور,بغية_المقتصد_شرح_بداية_المجتهد_Part_05.md
الفقه المالكي,بغية المقتصد شرح بداية المجتهد - المجلد 1 (الجزء 6 من 8),محمد بن حمود الوائلي,غير مذكور,بغية_المقتصد_شرح_بداية_المجتهد_Part_06.md
الفقه المالكي,بغية المقتصد شرح بداية المجتهد - المجلد 1 (الجزء 7 من 8),محمد بن حمود الوائلي,غير مذكور,بغية_المقتصد_شرح_بداية_المجتهد_Part_07.md
الفقه المالكي,بغية المقتصد شرح بداية المجتهد - المجلد 1 (الجزء 8 من 8),محمد بن حمود الوائلي,غير مذكور,بغية_المقتصد_شرح_بداية_المجتهد_Part_08.md
الفقه المالكي,تحبير المختصر وهو الشرح الوسط لبهرام على مختصر خليل - المجلد 1 (الجزء 1 من 4),بهرام الدميري,غير مذكور,تحبير_المختصر_وهو_الشرح_الوسط_لبهرام_على_مختصر_خليل_Part_01.md
الفقه المالكي,تحبير المختصر وهو الشرح الوسط لبهرام على مختصر خليل - المجلد 1 (الجزء 2 من 4),بهرام الدميري,غير مذكور,تحبير_المختصر_وهو_الشرح_الوسط_لبهرام_على_مختصر_خليل_Part_02.md
الفقه المالكي,تحبير المختصر وهو الشرح الوسط لبهرام على مختصر خليل - المجلد 1 (الجزء 3 من 4),بهرام الدميري,غير مذكور,تحبير_المختصر_وهو_الشرح_الوسط_لبهرام_على_مختصر_خليل_Part_03.md
الفقه المالكي,تحبير المختصر وهو الشرح الوسط لبهرام على مختصر خليل - المجلد 1 (الجزء 4 من 4),بهرام الدميري,غير مذكور,تحبير_المختصر_وهو_الشرح_الوسط_لبهرام_على_مختصر_خليل_Part_04.md
الفقه المالكي,تحرير الكلام في مسائل الإلتزام,الحطاب,954,تحرير_الكلام_في_مسائل_الإلتزام.md
الفقه المالكي,توضيح الأحكام شرح تحفة الحكام - المجلد 1 (الجزء 1 من 2),عثمان بن المكي التوزري,غير مذكور,توضيح_الأحكام_شرح_تحفة_الحكام_Part_01.md
الفقه المالكي,توضيح الأحكام شرح تحفة الحكام - المجلد 1 (الجزء 2 من 2),عثمان بن المكي التوزري,غير مذكور,توضيح_الأحكام_شرح_تحفة_الحكام_Part_02.md
الفقه المالكي,جامع الأمهات,ابن الحاجب,646,جامع_الأمهات.md
الفقه المالكي,جواهر الدرر في حل ألفاظ المختصر - المجلد 1 (الجزء 1 من 3),التتائي,غير مذكور,جواهر_الدرر_في_حل_ألفاظ_المختصر_Part_01.md
الفقه المالكي,جواهر الدرر في حل ألفاظ المختصر - المجلد 1 (الجزء 2 من 3),التتائي,غير مذكور,جواهر_الدرر_في_حل_ألفاظ_المختصر_Part_02.md
الفقه المالكي,جواهر الدرر في حل ألفاظ المختصر - المجلد 1 (الجزء 3 من 3),التتائي,غير مذكور,جواهر_الدرر_في_حل_ألفاظ_المختصر_Part_03.md
الفقه المالكي,حاشية الصاوي على الشرح الصغير = بلغة السالك لأقرب المسالك - المجلد 1 (الجزء 1 من 5),أحمد الصاوي,غير مذكور,حاشية_الصاوي_على_الشرح_الصغير_=_بلغة_السالك_لأقرب_المسالك_Part_01.md
الفقه المالكي,حاشية الصاوي على الشرح الصغير = بلغة السالك لأقرب المسالك - المجلد 1 (الجزء 2 من 5),أحمد الصاوي,غير مذكور,حاشية_الصاوي_على_الشرح_الصغير_=_بلغة_السالك_لأقرب_المسالك_Part_02.md
الفقه المالكي,حاشية الصاوي على الشرح الصغير = بلغة السالك لأقرب المسالك - المجلد 1 (الجزء 3 من 5),أحمد الصاوي,غير مذكور,حاشية_الصاوي_على_الشرح_الصغير_=_بلغة_السالك_لأقرب_المسالك_Part_03.md
الفقه المالكي,حاشية الصاوي على الشرح الصغير = بلغة السالك لأقرب المسالك - المجلد 1 (الجزء 4 من 5),أحمد الصاوي,غير مذكور,حاشية_الصاوي_على_الشرح_الصغير_=_بلغة_السالك_لأقرب_المسالك_Part_04.md
الفقه المالكي,حاشية الصاوي على الشرح الصغير = بلغة السالك لأقرب المسالك - المجلد 1 (الجزء 5 من 5),أحمد الصاوي,غير مذكور,حاشية_الصاوي_على_الشرح_الصغير_=_بلغة_السالك_لأقرب_المسالك_Part_05.md
الفقه المالكي,حاشية الصاوي على الشرح الصغير ط الحلبي - المجلد 1 (الجزء 1 من 5),أحمد الصاوي,غير مذكور,حاشية_الصاوي_على_الشرح_الصغير_ط_الحلبي_Part_01.md
الفقه المالكي,حاشية الصاوي على الشرح الصغير ط الحلبي - المجلد 1 (الجزء 2 من 5),أحمد الصاوي,غير مذكور,حاشية_الصاوي_على_الشرح_الصغير_ط_الحلبي_Part_02.md
الفقه المالكي,حاشية الصاوي على الشرح الصغير ط الحلبي - المجلد 1 (الجزء 3 من 5),أحمد الصاوي,غير مذكور,حاشية_الصاوي_على_الشرح_الصغير_ط_الحلبي_Part_03.md
الفقه المالكي,حاشية الصاوي على الشرح الصغير ط الحلبي - المجلد 1 (الجزء 4 من 5),أحمد الصاوي,غير مذكور,حاشية_الصاوي_على_الشرح_الصغير_ط_الحلبي_Part_04.md
الفقه المالكي,حاشية الصاوي على الشرح الصغير ط الحلبي - المجلد 1 (الجزء 5 من 5),أحمد الصاوي,غير مذكور,حاشية_الصاوي_على_الشرح_الصغير_ط_الحلبي_Part_05.md
الفقه المالكي,حاشية العدوي على كفاية الطالب الرباني - المجلد 1 (الجزء 1 من 4),العدوي,غير مذكور,حاشية_العدوي_على_كفاية_الطالب_الرباني_Part_01.md
الفقه المالكي,حاشية العدوي على كفاية الطالب الرباني - المجلد 1 (الجزء 2 من 4),العدوي,غير مذكور,حاشية_العدوي_على_كفاية_الطالب_الرباني_Part_02.md
الفقه المالكي,حاشية العدوي على كفاية الطالب الرباني - المجلد 1 (الجزء 3 من 4),العدوي,غير مذكور,حاشية_العدوي_على_كفاية_الطالب_الرباني_Part_03.md
الفقه المالكي,حاشية العدوي على كفاية الطالب الرباني - المجلد 1 (الجزء 4 من 4),العدوي,غير مذكور,حاشية_العدوي_على_كفاية_الطالب_الرباني_Part_04.md
الفقه المالكي,خلاصة الجواهر الزكية في فقه المالكية,أحمد بن تركي المالكي,979,خلاصة_الجواهر_الزكية_في_فقه_المالكية.md
الفقه المالكي,ديوان الأحكام الكبرى أو الإعلام بنوازل الأحكام وقطر من سير الحكام - المجلد 1 (الجزء 1 من 2),القاضي أبو الأصبغ ابن سهل,غير مذكور,ديوان_الأحكام_الكبرى_أو_الإعلام_بنوازل_الأحكام_وقطر_من_سير_الحكام_Part_01.md
الفقه المالكي,ديوان الأحكام الكبرى أو الإعلام بنوازل الأحكام وقطر من سير الحكام - المجلد 1 (الجزء 2 من 2),القاضي أبو الأصبغ ابن سهل,غير مذكور,ديوان_الأحكام_الكبرى_أو_الإعلام_بنوازل_الأحكام_وقطر_من_سير_الحكام_Part_02.md
الفقه المالكي,روضة المستبين في شرح كتاب التلقين - المجلد 1 (الجزء 1 من 2),ابن بزيزة,غير مذكور,روضة_المستبين_في_شرح_كتاب_التلقين_Part_01.md
الفقه المالكي,روضة المستبين في شرح كتاب التلقين - المجلد 1 (الجزء 2 من 2),ابن بزيزة,غير مذكور,روضة_المستبين_في_شرح_كتاب_التلقين_Part_02.md
الفقه المالكي,شرح ابن ناجي التنوخي على متن الرسالة - المجلد 1 (الجزء 1 من 2),ابن ناجي التنوخي,غير مذكور,شرح_ابن_ناجي_التنوخي_على_متن_الرسالة_Part_01.md
الفقه المالكي,شرح ابن ناجي التنوخي على متن الرسالة - المجلد 1 (الجزء 2 من 2),ابن ناجي التنوخي,غير مذكور,شرح_ابن_ناجي_التنوخي_على_متن_الرسالة_Part_02.md
الفقه المالكي,شرح التفريع - المجلد 1 (الجزء 1 من 3),القرافي,غير مذكور,شرح_التفريع_Part_01.md
الفقه المالكي,شرح التفريع - المجلد 1 (الجزء 2 من 3),القرافي,غير مذكور,شرح_التفريع_Part_02.md
الفقه المالكي,شرح التفريع - المجلد 1 (الجزء 3 من 3),القرافي,غير مذكور,شرح_التفريع_Part_03.md
الفقه المالكي,شرح التلقين - المجلد 1 (الجزء 1 من 5),المازري,غير مذكور,شرح_التلقين_Part_01.md
الفقه المالكي,شرح التلقين - المجلد 1 (الجزء 2 من 5),المازري,غير مذكور,شرح_التلقين_Part_02.md
الفقه المالكي,شرح التلقين - المجلد 1 (الجزء 3 من 5),المازري,غير مذكور,شرح_التلقين_Part_03.md
الفقه المالكي,شرح التلقين - المجلد 1 (الجزء 4 من 5),المازري,غير مذكور,شرح_التلقين_Part_04.md
الفقه المالكي,شرح التلقين - المجلد 1 (الجزء 5 من 5),المازري,غير مذكور,شرح_التلقين_Part_05.md
الفقه المالكي,شرح الخرشي على مختصر خليل - ومعه حاشية العدوي - المجلد 1 (الجزء 1 من 11),الخرشي = الخراشي,غير مذكور,شرح_الخرشي_على_مختصر_خليل_-_ومعه_حاشية_العدوي_Part_01.md
الفقه المالكي,شرح الخرشي على مختصر خليل - ومعه حاشية العدوي - المجلد 1 (الجزء 2 من 11),الخرشي = الخراشي,غير مذكور,شرح_الخرشي_على_مختصر_خليل_-_ومعه_حاشية_العدوي_Part_02.md
الفقه المالكي,شرح الخرشي على مختصر خليل - ومعه حاشية العدوي - المجلد 1 (الجزء 3 من 11),الخرشي = الخراشي,غير مذكور,شرح_الخرشي_على_مختصر_خليل_-_ومعه_حاشية_العدوي_Part_03.md
الفقه المالكي,شرح الخرشي على مختصر خليل - ومعه حاشية العدوي - المجلد 1 (الجزء 4 من 11),الخرشي = الخراشي,غير مذكور,شرح_الخرشي_على_مختصر_خليل_-_ومعه_حاشية_العدوي_Part_04.md
الفقه المالكي,شرح الخرشي على مختصر خليل - ومعه حاشية العدوي - المجلد 1 (الجزء 5 من 11),الخرشي = الخراشي,غير مذكور,شرح_الخرشي_على_مختصر_خليل_-_ومعه_حاشية_العدوي_Part_05.md
الفقه المالكي,شرح الخرشي على مختصر خليل - ومعه حاشية العدوي - المجلد 1 (الجزء 6 من 11),الخرشي = الخراشي,غير مذكور,شرح_الخرشي_على_مختصر_خليل_-_ومعه_حاشية_العدوي_Part_06.md
الفقه المالكي,شرح الخرشي على مختصر خليل - ومعه حاشية العدوي - المجلد 1 (الجزء 7 من 11),الخرشي = الخراشي,غير مذكور,شرح_الخرشي_على_مختصر_خليل_-_ومعه_حاشية_العدوي_Part_07.md
الفقه المالكي,شرح الخرشي على مختصر خليل - ومعه حاشية العدوي - المجلد 1 (الجزء 8 من 11),الخرشي = الخراشي,غير مذكور,شرح_الخرشي_على_مختصر_خليل_-_ومعه_حاشية_العدوي_Part_08.md
الفقه المالكي,شرح الخرشي على مختصر خليل - ومعه حاشية العدوي - المجلد 1 (الجزء 9 من 11),الخرشي = الخراشي,غير مذكور,شرح_الخرشي_على_مختصر_خليل_-_ومعه_حاشية_العدوي_Part_09.md
الفقه المالكي,شرح الخرشي على مختصر خليل - ومعه حاشية العدوي - المجلد 1 (الجزء 10 من 11),الخرشي = الخراشي,غير مذكور,شرح_الخرشي_على_مختصر_خليل_-_ومعه_حاشية_العدوي_Part_10.md
الفقه المالكي,شرح الخرشي على مختصر خليل - ومعه حاشية العدوي - المجلد 1 (الجزء 11 من 11),الخرشي = الخراشي,غير مذكور,شرح_الخرشي_على_مختصر_خليل_-_ومعه_حاشية_العدوي_Part_11.md
الفقه المالكي,شرح الرسالة,القاضي عبد الوهاب,422,شرح_الرسالة.md
الفقه المالكي,شرح الزرقاني على مختصر خليل وحاشية البناني - المجلد 1 (الجزء 1 من 10),الزرقاني، عبد الباقي,غير مذكور,شرح_الزرقاني_على_مختصر_خليل_وحاشية_البناني_Part_01.md
الفقه المالكي,شرح الزرقاني على مختصر خليل وحاشية البناني - المجلد 1 (الجزء 2 من 10),الزرقاني، عبد الباقي,غير مذكور,شرح_الزرقاني_على_مختصر_خليل_وحاشية_البناني_Part_02.md
الفقه المالكي,شرح الزرقاني على مختصر خليل وحاشية البناني - المجلد 1 (الجزء 3 من 10),الزرقاني، عبد الباقي,غير مذكور,شرح_الزرقاني_على_مختصر_خليل_وحاشية_البناني_Part_03.md
الفقه المالكي,شرح الزرقاني على مختصر خليل وحاشية البناني - المجلد 1 (الجزء 4 من 10),الزرقاني، عبد الباقي,غير مذكور,شرح_الزرقاني_على_مختصر_خليل_وحاشية_البناني_Part_04.md
الفقه المالكي,شرح الزرقاني على مختصر خليل وحاشية البناني - المجلد 1 (الجزء 5 من 10),الزرقاني، عبد الباقي,غير مذكور,شرح_الزرقاني_على_مختصر_خليل_وحاشية_البناني_Part_05.md
الفقه المالكي,شرح الزرقاني على مختصر خليل وحاشية البناني - المجلد 1 (الجزء 6 من 10),الزرقاني، عبد الباقي,غير مذكور,شرح_الزرقاني_على_مختصر_خليل_وحاشية_البناني_Part_06.md
الفقه المالكي,شرح الزرقاني على مختصر خليل وحاشية البناني - المجلد 1 (الجزء 7 من 10),الزرقاني، عبد الباقي,غير مذكور,شرح_الزرقاني_على_مختصر_خليل_وحاشية_البناني_Part_07.md
الفقه المالكي,شرح الزرقاني على مختصر خليل وحاشية البناني - المجلد 1 (الجزء 8 من 10),الزرقاني، عبد الباقي,غير مذكور,شرح_الزرقاني_على_مختصر_خليل_وحاشية_البناني_Part_08.md
الفقه المالكي,شرح الزرقاني على مختصر خليل وحاشية البناني - المجلد 1 (الجزء 9 من 10),الزرقاني، عبد الباقي,غير مذكور,شرح_الزرقاني_على_مختصر_خليل_وحاشية_البناني_Part_09.md
الفقه المالكي,شرح الزرقاني على مختصر خليل وحاشية البناني - المجلد 1 (الجزء 10 من 10),الزرقاني، عبد الباقي,غير مذكور,شرح_الزرقاني_على_مختصر_خليل_وحاشية_البناني_Part_10.md
الفقه المالكي,شرح المختصر الكبير للأبهري - المجلد 1 (الجزء 1 من 2),الأبهري,غير مذكور,شرح_المختصر_الكبير_للأبهري_Part_01.md
الفقه المالكي,شرح المختصر الكبير للأبهري - المجلد 1 (الجزء 2 من 2),الأبهري,غير مذكور,شرح_المختصر_الكبير_للأبهري_Part_02.md
الفقه المالكي,شرح المنهج المنتخب إلى قواعد المذهب,أحمد المنجور,995,شرح_المنهج_المنتخب_إلى_قواعد_المذهب.md
الفقه المالكي,شرح زروق على متن الرسالة - المجلد 1 (الجزء 1 من 2),زروق,غير مذكور,شرح_زروق_على_متن_الرسالة_Part_01.md
الفقه المالكي,شرح زروق على متن الرسالة - المجلد 1 (الجزء 2 من 2),زروق,غير مذكور,شرح_زروق_على_متن_الرسالة_Part_02.md
الفقه المالكي,ضوء الشموع شرح المجموع - المجلد 1 (الجزء 1 من 5),الأمير محمد السنباوي المالكي,غير مذكور,ضوء_الشموع_شرح_المجموع_Part_01.md
الفقه المالكي,ضوء الشموع شرح المجموع - المجلد 1 (الجزء 2 من 5),الأمير محمد السنباوي المالكي,غير مذكور,ضوء_الشموع_شرح_المجموع_Part_02.md
الفقه المالكي,ضوء الشموع شرح المجموع - المجلد 1 (الجزء 3 من 5),الأمير محمد السنباوي المالكي,غير مذكور,ضوء_الشموع_شرح_المجموع_Part_03.md
الفقه المالكي,ضوء الشموع شرح المجموع - المجلد 1 (الجزء 4 من 5),الأمير محمد السنباوي المالكي,غير مذكور,ضوء_الشموع_شرح_المجموع_Part_04.md
الفقه المالكي,ضوء الشموع شرح المجموع - المجلد 1 (الجزء 5 من 5),الأمير محمد السنباوي المالكي,غير مذكور,ضوء_الشموع_شرح_المجموع_Part_05.md
الفقه المالكي,عقد الجواهر الثمينة في مذهب عالم المدينة - المجلد 1 (الجزء 1 من 2),ابن شاس,غير مذكور,عقد_الجواهر_الثمينة_في_مذهب_عالم_المدينة_Part_01.md
الفقه المالكي,عقد الجواهر الثمينة في مذهب عالم المدينة - المجلد 1 (الجزء 2 من 2),ابن شاس,غير مذكور,عقد_الجواهر_الثمينة_في_مذهب_عالم_المدينة_Part_02.md
الفقه المالكي,عون المتين على نظم رسالة القرويين - المجلد 1 (الجزء 1 من 2),محمد بن محمد بن المصطفى اليعقوبي,غير مذكور,عون_المتين_على_نظم_رسالة_القرويين_Part_01.md
الفقه المالكي,عون المتين على نظم رسالة القرويين - المجلد 1 (الجزء 2 من 2),محمد بن محمد بن المصطفى اليعقوبي,غير مذكور,عون_المتين_على_نظم_رسالة_القرويين_Part_02.md
الفقه المالكي,عيون الأدلة في مسائل الخلاف بين فقهاء الأمصار - ط أسفار - المجلد 1 (الجزء 1 من 3),ابن القصار,397,عيون_الأدلة_في_مسائل_الخلاف_بين_فقهاء_الأمصار_-_ط_أسفار_Part_01.md
الفقه المالكي,عيون الأدلة في مسائل الخلاف بين فقهاء الأمصار - ط أسفار - المجلد 1 (الجزء 2 من 3),ابن القصار,397,عيون_الأدلة_في_مسائل_الخلاف_بين_فقهاء_الأمصار_-_ط_أسفار_Part_02.md
الفقه المالكي,عيون الأدلة في مسائل الخلاف بين فقهاء الأمصار - ط أسفار - المجلد 1 (الجزء 3 من 3),ابن القصار,397,عيون_الأدلة_في_مسائل_الخلاف_بين_فقهاء_الأمصار_-_ط_أسفار_Part_03.md
الفقه المالكي,عيون الأدلة في مسائل الخلاف بين فقهاء الأمصار - كتاب الطهارة - ط جامعة الإمام,ابن القصار,397,عيون_الأدلة_في_مسائل_الخلاف_بين_فقهاء_الأمصار_-_كتاب_الطهارة_-_ط_جامعة_الإمام.md
الفقه المالكي,عيون المسائل للقاضي عبد الوهاب المالكي,القاضي عبد الوهاب,422,عيون_المسائل_للقاضي_عبد_الوهاب_المالكي.md
الفقه المالكي,فتاوى قاضي الجماعة ابن سراج الأندلسي,ابن سراج الأندلسي,848,فتاوى_قاضي_الجماعة_ابن_سراج_الأندلسي.md
الفقه المالكي,فتح العلي المالك في الفتوى على مذهب الإمام مالك - المجلد 1 (الجزء 1 من 2),محمد بن أحمد عليش,غير مذكور,فتح_العلي_المالك_في_الفتوى_على_مذهب_الإمام_مالك_Part_01.md
الفقه المالكي,فتح العلي المالك في الفتوى على مذهب الإمام مالك - المجلد 1 (الجزء 2 من 2),محمد بن أحمد عليش,غير مذكور,فتح_العلي_المالك_في_الفتوى_على_مذهب_الإمام_مالك_Part_02.md
الفقه المالكي,فقه العبادات على المذهب المالكي,كوكب عبيد,غير مذكور,فقه_العبادات_على_المذهب_المالكي.md
الفقه المالكي,كتاب الحج من مدونة أشهب,أشهب,204,كتاب_الحج_من_مدونة_أشهب.md
الفقه المالكي,لوامع الدرر في هتك استار المختصر - المجلد 1 (الجزء 1 من 18),محمد بن سالم المجلسي,غير مذكور,لوامع_الدرر_في_هتك_استار_المختصر_Part_01.md
الفقه المالكي,لوامع الدرر في هتك استار المختصر - المجلد 1 (الجزء 2 من 18),محمد بن سالم المجلسي,غير مذكور,لوامع_الدرر_في_هتك_استار_المختصر_Part_02.md
الفقه المالكي,لوامع الدرر في هتك استار المختصر - المجلد 1 (الجزء 3 من 18),محمد بن سالم المجلسي,غير مذكور,لوامع_الدرر_في_هتك_استار_المختصر_Part_03.md
الفقه المالكي,لوامع الدرر في هتك استار المختصر - المجلد 1 (الجزء 4 من 18),محمد بن سالم المجلسي,غير مذكور,لوامع_الدرر_في_هتك_استار_المختصر_Part_04.md
الفقه المالكي,لوامع الدرر في هتك استار المختصر - المجلد 1 (الجزء 5 من 18),محمد بن سالم المجلسي,غير مذكور,لوامع_الدرر_في_هتك_استار_المختصر_Part_05.md
الفقه المالكي,لوامع الدرر في هتك استار المختصر - المجلد 1 (الجزء 6 من 18),محمد بن سالم المجلسي,غير مذكور,لوامع_الدرر_في_هتك_استار_المختصر_Part_06.md
الفقه المالكي,لوامع الدرر في هتك استار المختصر - المجلد 1 (الجزء 7 من 18),محمد بن سالم المجلسي,غير مذكور,لوامع_الدرر_في_هتك_استار_المختصر_Part_07.md
الفقه المالكي,لوامع الدرر في هتك استار المختصر - المجلد 1 (الجزء 8 من 18),محمد بن سالم المجلسي,غير مذكور,لوامع_الدرر_في_هتك_استار_المختصر_Part_08.md
الفقه المالكي,لوامع الدرر في هتك استار المختصر - المجلد 1 (الجزء 9 من 18),محمد بن سالم المجلسي,غير مذكور,لوامع_الدرر_في_هتك_استار_المختصر_Part_09.md
الفقه المالكي,لوامع الدرر في هتك استار المختصر - المجلد 1 (الجزء 10 من 18),محمد بن سالم المجلسي,غير مذكور,لوامع_الدرر_في_هتك_استار_المختصر_Part_10.md
الفقه المالكي,لوامع الدرر في هتك استار المختصر - المجلد 1 (الجزء 11 من 18),محمد بن سالم المجلسي,غير مذكور,لوامع_الدرر_في_هتك_استار_المختصر_Part_11.md
الفقه المالكي,لوامع الدرر في هتك استار المختصر - المجلد 1 (الجزء 12 من 18),محمد بن سالم المجلسي,غير مذكور,لوامع_الدرر_في_هتك_استار_المختصر_Part_12.md
الفقه المالكي,لوامع الدرر في هتك استار المختصر - المجلد 1 (الجزء 13 من 18),محمد بن سالم المجلسي,غير مذكور,لوامع_الدرر_في_هتك_استار_المختصر_Part_13.md
الفقه المالكي,لوامع الدرر في هتك استار المختصر - المجلد 1 (الجزء 14 من 18),محمد بن سالم المجلسي,غير مذكور,لوامع_الدرر_في_هتك_استار_المختصر_Part_14.md
الفقه المالكي,لوامع الدرر في هتك استار المختصر - المجلد 1 (الجزء 15 من 18),محمد بن سالم المجلسي,غير مذكور,لوامع_الدرر_في_هتك_استار_المختصر_Part_15.md
الفقه المالكي,لوامع الدرر في هتك استار المختصر - المجلد 1 (الجزء 16 من 18),محمد بن سالم المجلسي,غير مذكور,لوامع_الدرر_في_هتك_استار_المختصر_Part_16.md
الفقه المالكي,لوامع الدرر في هتك استار المختصر - المجلد 1 (الجزء 17 من 18),محمد بن سالم المجلسي,غير مذكور,لوامع_الدرر_في_هتك_استار_المختصر_Part_17.md
الفقه المالكي,لوامع الدرر في هتك استار المختصر - المجلد 1 (الجزء 18 من 18),محمد بن سالم المجلسي,غير مذكور,لوامع_الدرر_في_هتك_استار_المختصر_Part_18.md
الفقه المالكي,متن الأخضري في العبادات على مذهب الإمام مالك,الأخضري,983,متن_الأخضري_في_العبادات_على_مذهب_الإمام_مالك.md
الفقه المالكي,متن العشماوية,عبد الباري العشماوي,ق 10,متن_العشماوية.md
الفقه المالكي,مجالس ابن القاسم التي سأل عنها مالكا,ابن القاسم,191,مجالس_ابن_القاسم_التي_سأل_عنها_مالكا.md
الفقه المالكي,مختصر خليل,خليل بن إسحاق الجندي,776,مختصر_خليل.md
الفقه المالكي,مختصر خليل - ومعه شفاء الغليل في حل مقفل خليل - المجلد 1 (الجزء 1 من 2),ابن غازي,غير مذكور,مختصر_خليل_-_ومعه_شفاء_الغليل_في_حل_مقفل_خليل_Part_01.md
الفقه المالكي,مختصر خليل - ومعه شفاء الغليل في حل مقفل خليل - المجلد 1 (الجزء 2 من 2),ابن غازي,غير مذكور,مختصر_خليل_-_ومعه_شفاء_الغليل_في_حل_مقفل_خليل_Part_02.md
الفقه المالكي,مسائل أبي الوليد ابن رشد - المجلد 1 (الجزء 1 من 2),ابن رشد الجد,غير مذكور,مسائل_أبي_الوليد_ابن_رشد_Part_01.md
الفقه المالكي,مسائل أبي الوليد ابن رشد - المجلد 1 (الجزء 2 من 2),ابن رشد الجد,غير مذكور,مسائل_أبي_الوليد_ابن_رشد_Part_02.md
الفقه المالكي,مسالك الجلالة في اختصار المناهل الزلالة - المجلد 1 (الجزء 1 من 2),مختار بن العربي الجزائري,غير مذكور,مسالك_الجلالة_في_اختصار_المناهل_الزلالة_Part_01.md
الفقه المالكي,مسالك الجلالة في اختصار المناهل الزلالة - المجلد 1 (الجزء 2 من 2),مختار بن العربي الجزائري,غير مذكور,مسالك_الجلالة_في_اختصار_المناهل_الزلالة_Part_02.md
الفقه المالكي,معلمة الفقه المالكي,عبد العزيز بن عبد الله,1433,معلمة_الفقه_المالكي.md
الفقه المالكي,مناهج التحصيل ونتائج لطائف التأويل في شرح المدونة وحل مشكلاتها - المجلد 1 (الجزء 1 من 4),الرجراجي، علي بن سعيد,غير مذكور,مناهج_التحصيل_ونتائج_لطائف_التأويل_في_شرح_المدونة_وحل_مشكلاتها_Part_01.md
الفقه المالكي,مناهج التحصيل ونتائج لطائف التأويل في شرح المدونة وحل مشكلاتها - المجلد 1 (الجزء 2 من 4),الرجراجي، علي بن سعيد,غير مذكور,مناهج_التحصيل_ونتائج_لطائف_التأويل_في_شرح_المدونة_وحل_مشكلاتها_Part_02.md
الفقه المالكي,مناهج التحصيل ونتائج لطائف التأويل في شرح المدونة وحل مشكلاتها - المجلد 1 (الجزء 3 من 4),الرجراجي، علي بن سعيد,غير مذكور,مناهج_التحصيل_ونتائج_لطائف_التأويل_في_شرح_المدونة_وحل_مشكلاتها_Part_03.md
الفقه المالكي,مناهج التحصيل ونتائج لطائف التأويل في شرح المدونة وحل مشكلاتها - المجلد 1 (الجزء 4 من 4),الرجراجي، علي بن سعيد,غير مذكور,مناهج_التحصيل_ونتائج_لطائف_التأويل_في_شرح_المدونة_وحل_مشكلاتها_Part_04.md
الفقه المالكي,منح الجليل شرح مختصر خليل - المجلد 1 (الجزء 1 من 8),محمد بن أحمد عليش,غير مذكور,منح_الجليل_شرح_مختصر_خليل_Part_01.md
الفقه المالكي,منح الجليل شرح مختصر خليل - المجلد 1 (الجزء 2 من 8),محمد بن أحمد عليش,غير مذكور,منح_الجليل_شرح_مختصر_خليل_Part_02.md
الفقه المالكي,منح الجليل شرح مختصر خليل - المجلد 1 (الجزء 3 من 8),محمد بن أحمد عليش,غير مذكور,منح_الجليل_شرح_مختصر_خليل_Part_03.md
الفقه المالكي,منح الجليل شرح مختصر خليل - المجلد 1 (الجزء 4 من 8),محمد بن أحمد عليش,غير مذكور,منح_الجليل_شرح_مختصر_خليل_Part_04.md
الفقه المالكي,منح الجليل شرح مختصر خليل - المجلد 1 (الجزء 5 من 8),محمد بن أحمد عليش,غير مذكور,منح_الجليل_شرح_مختصر_خليل_Part_05.md
الفقه المالكي,منح الجليل شرح مختصر خليل - المجلد 1 (الجزء 6 من 8),محمد بن أحمد عليش,غير مذكور,منح_الجليل_شرح_مختصر_خليل_Part_06.md
الفقه المالكي,منح الجليل شرح مختصر خليل - المجلد 1 (الجزء 7 من 8),محمد بن أحمد عليش,غير مذكور,منح_الجليل_شرح_مختصر_خليل_Part_07.md
الفقه المالكي,منح الجليل شرح مختصر خليل - المجلد 1 (الجزء 8 من 8),محمد بن أحمد عليش,غير مذكور,منح_الجليل_شرح_مختصر_خليل_Part_08.md
الفقه المالكي,مواهب الجليل في شرح مختصر خليل - المجلد 1 (الجزء 1 من 8),الحطاب,954,مواهب_الجليل_في_شرح_مختصر_خليل_Part_01.md
الفقه المالكي,مواهب الجليل في شرح مختصر خليل - المجلد 1 (الجزء 2 من 8),الحطاب,954,مواهب_الجليل_في_شرح_مختصر_خليل_Part_02.md
الفقه المالكي,مواهب الجليل في شرح مختصر خليل - المجلد 1 (الجزء 3 من 8),الحطاب,954,مواهب_الجليل_في_شرح_مختصر_خليل_Part_03.md
الفقه المالكي,مواهب الجليل في شرح مختصر خليل - المجلد 1 (الجزء 4 من 8),الحطاب,954,مواهب_الجليل_في_شرح_مختصر_خليل_Part_04.md
الفقه المالكي,مواهب الجليل في شرح مختصر خليل - المجلد 1 (الجزء 5 من 8),الحطاب,954,مواهب_الجليل_في_شرح_مختصر_خليل_Part_05.md
الفقه المالكي,مواهب الجليل في شرح مختصر خليل - المجلد 1 (الجزء 6 من 8),الحطاب,954,مواهب_الجليل_في_شرح_مختصر_خليل_Part_06.md
الفقه المالكي,مواهب الجليل في شرح مختصر خليل - المجلد 1 (الجزء 7 من 8),الحطاب,954,مواهب_الجليل_في_شرح_مختصر_خليل_Part_07.md
الفقه المالكي,مواهب الجليل في شرح مختصر خليل - المجلد 1 (الجزء 8 من 8),الحطاب,954,مواهب_الجليل_في_شرح_مختصر_خليل_Part_08.md
الفقه المالكي,مواهب الجليل من أدلة خليل - المجلد 1 (الجزء 1 من 3),أحمد بن أحمد المختار الشنقيطي,غير مذكور,مواهب_الجليل_من_أدلة_خليل_Part_01.md
الفقه المالكي,مواهب الجليل من أدلة خليل - المجلد 1 (الجزء 2 من 3),أحمد بن أحمد المختار الشنقيطي,غير مذكور,مواهب_الجليل_من_أدلة_خليل_Part_02.md
الفقه المالكي,مواهب الجليل من أدلة خليل - المجلد 1 (الجزء 3 من 3),أحمد بن أحمد المختار الشنقيطي,غير مذكور,مواهب_الجليل_من_أدلة_خليل_Part_03.md
الفقه المالكي,موهوب الجليل في شرح مختصر خليل - المجلد 1 (الجزء 1 من 3),ابن أبي بكر الواداني,غير مذكور,موهوب_الجليل_في_شرح_مختصر_خليل_Part_01.md
الفقه المالكي,موهوب الجليل في شرح مختصر خليل - المجلد 1 (الجزء 2 من 3),ابن أبي بكر الواداني,غير مذكور,موهوب_الجليل_في_شرح_مختصر_خليل_Part_02.md
الفقه المالكي,موهوب الجليل في شرح مختصر خليل - المجلد 1 (الجزء 3 من 3),ابن أبي بكر الواداني,غير مذكور,موهوب_الجليل_في_شرح_مختصر_خليل_Part_03.md
